Unnamed:_0,Date,AveragePrice,Total_Volume,4046,4225,4770,Total_Bags,Small_Bags,Large_Bags,XLarge_Bags,type,year,region,still_alive,age,pericardial,fractional,epss,lvdd,wall_score,wall_index,alive_at_1,class,Species,Length1,Length2,Length3,Height,Width,Sex,binaryClass,X,Y,month,day,FFMC,DMC,DC,ISI,temp,RH,wind,rain,area,Timestamp,Bid_Open,Bid_High,Bid_Low,Bid_Close,Bid_Volume,Ask_Open,Ask_High,Ask_Low,Ask_Close,Ask_Volume,Class,Sepal.Length,Sepal.Width,Petal.Length,Petal.Width,Species,movie,category,year,worldwide gross ($m),% budget recovered,critics % score,audience % score,audience vs critics % deviance,budget,domestic gross ($m),international gross ($m),opening weekend ($m),second weekend ($m),1st vs 2nd weekend drop off,% gross from opening weekend,% gross from domestic,% gross from international,% budget opening weekend,VendorID,store_and_fwd_flag,RatecodeID,passenger_count,extra,mta_tax,tolls_amount,improvement_surcharge,total_amount,trip_type,tip_amount,Speaker Number,Sex,Feature 0,Feature 1,Feature 2,Feature 3,Feature 4,Feature 5,Feature 6,Feature 7,Feature 8,Feature 9,binaryClass,fixed.acidity,volatile.acidity,citric.acid,residual.sugar,chlorides,free.sulfur.dioxide,total.sulfur.dioxide,density,pH,sulphates,alcohol,quality
6.443632130961178,2017-04-23,1.3245219708195806,363844.1195382311,2086.3058297537577,15297.247526705523,-513.6544101822717,7256.068788165782,11363.872182208055,4579.307741661976,-1.727795183318257,organic,2016.0125711613207,Roanoke,0,71.0,0,0.26,9.0,4.6,14.0,1.0,0.0,11.0,1,23.2,25.4,30.0,38.4,13.4,,P,7,5,mar,fri,86.2,26.2,94.3,5.1,8.2,51,6.7,0.0,0.0,2018-01-01T00:00:00,115.563,115.563,115.563,115.563,0.0,115.843,115.843,115.843,115.843,0.0,False,5.1,3.5,1.4,0.2,setosa,Ant-Man  ,Ant-Man,2015.0,518.0,398%,83%,85%,-2%,130.0,180.0,338.0,57.0,24.0,-58%,31.8,34.70%,65.30%,43.80%,1,0,0,1,2,2,0.0,2,6.36,0,0.7227059828014898,Andrew,Male,-3.639,0.418,-0.67,1.779,-0.168,1.627,-0.388,0.529,-0.874,-0.814,P,7.4,0.7,0.0,1.9,0.076,11.0,34.0,0.9978,3.51,0.56,9.4,5
35.89309324545866,2015-03-29,1.2973756719064875,412844.3688905264,29015.67611691123,88103.38659125246,2253.7020121896185,49380.19101156521,29907.237219993727,4365.884161248597,54.79373527904615,conventional,2015.0153466875545,SanFrancisco,0,72.0,0,0.38,6.0,4.1,14.0,1.7,0.0,19.0,1,24.0,26.3,31.2,40.0,13.8,,P,7,4,oct,tue,90.6,35.4,669.1,6.7,18.0,33,0.9,0.0,0.0,2018-01-01T00:01:00,115.563,115.563,115.563,115.563,0.0,115.843,115.843,115.843,115.843,0.0,False,4.9,3.0,1.4,0.2,setosa,Ant-Man & The Wasp,Ant-Man,2018.0,623.0,479%,87%,80%,7%,130.0,216.0,406.0,75.8,29.0,-62%,35.0,34.70%,65.20%,58.30%,1,0,0,2,2,2,0.0,2,8.5,0,0.9932517730102834,Andrew,Male,-3.327,0.496,-0.694,1.365,-0.265,1.933,-0.363,0.51,-0.621,-0.488,N,7.8,0.88,0.0,2.6,0.098,25.0,67.0,0.9968,3.2,0.68,9.8,5
37.65137028396661,2018-02-18,1.4693042448607512,75577.2310197592,25218.753757711973,19653.059333850128,-748.2770929568208,31900.3105585198,12429.53881062939,-167.23837393315534,-84.54130096814414,organic,2016.0102411454047,Louisville,0,55.0,0,0.26,4.0,3.42,14.0,1.0,0.0,16.0,1,23.9,26.5,31.1,39.8,15.1,,P,7,4,oct,sat,90.6,43.7,686.9,6.7,14.6,33,1.3,0.0,0.0,2018-01-01T00:02:00,115.563,115.563,115.563,115.563,0.0,115.843,115.843,115.843,115.843,0.0,False,4.7,3.2,1.3,0.2,setosa,Avengers: Age of Ultron,Avengers,2015.0,1395.0,382%,76%,82%,-6%,365.0,459.0,936.0,191.0,77.0,-60%,41.7,32.90%,67.10%,52.30%,1,0,0,1,2,2,0.0,2,7.54,0,1.007957920399979,Andrew,Male,-2.12,0.894,-1.576,0.147,-0.707,1.559,-0.579,0.676,-0.809,-0.049,N,7.8,0.76,0.04,2.3,0.092,15.0,54.0,0.997,3.26,0.65,9.8,5
49.24426883188368,2015-11-15,1.6818686563557836,71767.40793465581,4466.005800659311,-8540.90925069152,-1087.3104662706971,16692.40178733141,-5718.985731520751,25867.196985160943,-33.2321265334904,organic,2017.012493865168,Albany,0,60.0,0,0.253,12.062,4.603,16.0,1.45,0.0,57.0,1,26.3,29.0,33.5,38.0,13.3,,P,8,6,mar,fri,91.7,33.3,77.5,9.0,8.3,97,4.0,0.2,0.0,2018-01-01T00:03:00,115.563,115.563,115.563,115.563,0.0,115.843,115.843,115.843,115.843,0.0,False,4.6,3.1,1.5,0.2,setosa,Avengers: End Game,Avengers,2019.0,2797.0,699%,94%,90%,4%,400.0,858.0,1939.0,357.0,147.0,-59%,41.6,30.70%,69.30%,89.30%,1,0,0,1,2,2,0.0,2,12.96,0,1.1505720275988207,Andrew,Male,-2.287,1.809,-1.498,1.012,-1.053,1.06,-0.567,0.235,-0.091,-0.795,N,11.2,0.28,0.56,1.9,0.075,17.0,60.0,0.998,3.16,0.58,9.8,6
44.330641516033545,2015-06-21,1.3341131570545353,77935.7740756967,866.915215297241,8097.743815153366,1260.2513193648783,-6184.326714086066,63516.0275239076,2879.52573043705,-20.58603032914821,organic,2015.007339948261,SanFrancisco,1,57.0,0,0.16,22.0,5.75,18.0,2.25,0.0,19.0,1,26.5,29.0,34.0,36.6,15.1,,N,8,6,mar,sun,89.3,51.3,102.2,9.6,11.4,99,1.8,0.0,0.0,2018-01-01T00:04:00,115.563,115.563,115.563,115.563,0.0,115.843,115.843,115.843,115.843,0.0,False,5.0,3.6,1.4,0.2,setosa,Avengers: Infinity War,Avengers,2018.0,2048.0,683%,85%,91%,-6%,300.0,678.0,1369.0,257.0,114.0,-56%,38.0,33.10%,66.80%,85.70%,1,0,0,1,2,2,0.0,2,12.3,0,0.0,Andrew,Male,-2.598,1.938,-0.846,1.062,-1.633,0.764,0.394,-0.15,0.277,-0.396,N,7.4,0.7,0.0,1.9,0.076,11.0,34.0,0.9978,3.51,0.56,9.4,5
44.80195800834324,2015-11-29,1.3587127218875137,357712.28517510474,-448.0556836179603,97576.1878406862,15117.6737105538,27649.79689902816,58794.482460686064,1727.953698560127,-75.72610504951545,conventional,2016.0011136999703,GrandRapids,0,68.0,0,0.26,5.0,4.31,12.0,1.0,0.0,26.0,1,26.8,29.7,34.7,39.2,14.2,,N,8,6,aug,sun,92.3,85.3,488.0,14.7,22.2,29,5.4,0.0,0.0,2018-01-01T00:05:00,115.563,115.563,115.563,115.563,0.0,115.843,115.843,115.843,115.843,0.0,False,5.4,3.9,1.7,0.4,setosa,Black Panther,Black Panther,2018.0,1336.0,668%,96%,79%,17%,200.0,700.0,636.0,202.0,111.0,-45%,28.9,52.40%,47.60%,101.00%,1,0,0,1,2,2,0.0,2,12.96,0,1.1505720275988207,Andrew,Male,-2.852,1.914,-0.755,0.825,-1.588,0.855,0.217,-0.246,0.238,-0.365,N,7.4,0.66,0.0,1.8,0.075,13.0,40.0,0.9978,3.51,0.56,9.4,5
17.08238513161716,2016-09-25,1.2328358362923098,440851.6044320414,8230.95789983667,4290.935097887208,14053.879534887712,91186.0415073282,52505.62382919867,-1911.00951195678,-54.89400394085246,conventional,2014.991594025048,GrandRapids,0,62.0,0,0.23,31.0,5.43,22.5,1.875,0.0,13.0,1,26.8,29.7,34.5,41.1,15.3,,N,8,6,aug,mon,92.3,88.9,495.6,8.5,24.1,27,3.1,0.0,0.0,2018-01-01T00:06:00,115.563,115.563,115.563,115.563,0.0,115.843,115.843,115.843,115.843,0.0,False,4.6,3.4,1.4,0.3,setosa,Black Panther 2,Black Panther,2022.0,855.0,342%,84%,94%,-10%,250.0,453.0,401.0,181.0,66.0,-64%,48.6,53.00%,46.90%,72.40%,1,0,0,1,2,2,0.0,2,17.29,0,1.6074359097634274,Andrew,Male,-3.482,2.524,-0.433,1.048,-1.995,0.902,0.322,0.45,0.377,-0.366,N,7.9,0.6,0.06,1.6,0.069,15.0,59.0,0.9964,3.3,0.46,9.4,5
38.423475948195744,2017-09-17,1.6205510300016035,55740.90588633977,-18901.97899987164,11176.774452807223,297.006553296048,3443.2244059113,-3634.74621622635,3013.629862130276,-52.79974336255364,organic,2016.0066364886984,HartfordSpringfield,0,60.0,0,0.33,8.0,5.25,14.0,1.0,0.0,50.0,1,27.6,30.0,35.0,36.2,13.4,,P,8,6,aug,mon,91.5,145.4,608.2,10.7,8.0,86,2.2,0.0,0.0,2018-01-01T00:07:00,115.563,115.563,115.563,115.563,0.0,115.843,115.843,115.843,115.843,0.0,False,5.0,3.4,1.5,0.2,setosa,Black Widow,Unique,2021.0,379.0,190%,79%,80%,-1%,200.0,183.0,196.0,80.3,25.8,-68%,43.8,48.30%,51.70%,40.20%,1,0,0,1,2,2,0.0,2,17.16,0,1.3506671834767394,Andrew,Male,-3.941,2.305,0.124,1.771,-1.815,0.593,-0.435,0.992,0.575,-0.301,N,7.3,0.65,0.0,1.2,0.065,15.0,21.0,0.9946,3.39,0.47,10.0,7
0.6941440867359898,2017-04-30,1.9271357602564296,250991.292143346,14570.566944159022,24412.999558518903,-119.09844131284916,12313.177654196936,39538.59687243781,31800.92098984893,-71.06262702254806,organic,2014.982837953488,Nashville,0,46.0,0,0.34,0.0,5.09,16.0,1.14,0.0,19.0,1,27.6,30.0,35.1,39.9,13.8,,N,8,6,sep,tue,91.0,129.5,692.6,7.0,13.1,63,5.4,0.0,0.0,2018-01-01T00:08:00,115.563,115.563,115.563,115.563,0.0,115.843,115.843,115.843,115.843,0.0,False,4.4,2.9,1.4,0.2,setosa,Captain America,Captain America,2011.0,370.0,264%,79%,75%,4%,140.0,176.0,193.0,65.0,25.0,-62%,36.8,47.60%,52.20%,46.40%,1,0,0,1,2,2,0.0,2,15.8,0,0.0,Andrew,Male,-3.86,2.116,-0.939,0.688,-0.675,1.679,-0.512,0.928,-0.167,-0.434,N,7.8,0.58,0.02,2.0,0.073,9.0,18.0,0.9968,3.36,0.57,9.5,7
34.32328104691239,2016-09-25,1.8087658509007751,72094.05057101444,3685.547568018818,10240.26733397062,1299.0934150010485,12675.800624779018,10081.945319412394,11156.495095603692,115.25007158142024,organic,2015.984671506692,Jacksonville,0,54.0,0,0.14,13.0,4.49,15.5,1.19,0.0,25.0,1,28.5,30.7,36.2,39.3,13.7,,N,7,5,sep,sat,92.5,88.0,698.6,7.1,22.8,40,4.0,0.0,0.0,2018-01-01T00:09:00,115.563,115.563,115.563,115.563,0.0,115.843,115.843,115.843,115.843,0.0,False,4.9,3.1,1.5,0.1,setosa,Captain America: Civil War,Captain America,2016.0,1151.0,460%,90%,89%,1%,250.0,408.0,743.0,179.0,72.6,-59%,43.9,35.40%,64.60%,71.60%,1,0,0,1,2,2,0.0,2,9.36,0,0.9400072584914712,Andrew,Male,-3.648,1.812,-1.378,1.578,0.065,1.577,-0.466,0.702,0.06,-0.836,N,7.5,0.5,0.36,6.1,0.071,17.0,102.0,0.9978,3.35,0.8,10.5,5
42.29518577402536,2016-09-04,1.284003281952829,400448.5251462838,10218.3988720464,-5039.863019891725,2055.0562854227046,10783.736793005804,-9512.55594609524,19366.938391743603,87.32232096766575,organic,2017.0129782338065,Nashville,1,77.0,0,0.13,16.0,4.23,18.0,1.8,1.0,10.0,1,28.4,31.0,36.2,39.4,14.1,,N,7,5,sep,sat,92.5,88.0,698.6,7.1,17.8,51,7.2,0.0,0.0,2018-01-01T00:10:00,115.563,115.563,115.563,115.563,0.0,115.843,115.843,115.843,115.843,0.0,False,5.4,3.7,1.5,0.2,setosa,Captain America: Winter Soldier,Captain America,2014.0,714.0,420%,90%,92%,-2%,170.0,259.0,454.0,95.0,41.0,-57%,36.6,36.30%,63.60%,55.90%,1,0,0,1,2,2,5.54,2,60.34,0,0.0,Andrew,Male,-3.032,1.739,-1.141,0.737,-0.834,1.386,-0.575,0.679,-0.018,-0.823,N,6.7,0.58,0.08,1.8,0.097,15.0,65.0,0.9959,3.28,0.54,9.2,5
42.39358819964775,2017-01-22,0.9075302035067824,3804549.997000234,599795.9515996014,561084.4521855663,133281.15854863063,882153.8936908668,259900.717927392,229703.7954430457,103827.35318860268,conventional,2016.0011176149544,Detroit,0,62.0,1,0.45,9.0,3.6,16.0,1.14,0.0,52.0,1,28.7,31.0,36.2,39.7,13.3,,N,7,5,sep,sat,92.8,73.2,713.0,22.6,19.3,38,4.0,0.0,0.0,2018-01-01T00:11:00,115.563,115.563,115.563,115.563,0.0,115.843,115.843,115.843,115.843,0.0,False,4.8,3.4,1.6,0.2,setosa,Captain Marvel,Unique,2019.0,1129.0,645%,79%,45%,34%,175.0,426.0,702.0,153.0,67.9,-56%,35.9,37.70%,62.20%,87.40%,1,0,0,1,2,2,0.0,2,11.3,0,0.0,Andrew,Male,-3.653,0.373,-0.6,1.705,-0.222,1.765,-0.353,0.537,-0.797,-0.813,P,7.5,0.5,0.36,6.1,0.071,17.0,102.0,0.9978,3.35,0.8,10.5,5
31.81236138473354,2015-03-08,1.9445835309111297,-9288.47048361061,1575.22591647025,9512.100788265156,-967.2251596383104,8117.038294115286,-12758.102451205556,-670.474494900149,66.2464943567303,organic,2016.00199657708,Orlando,0,73.0,0,0.33,6.0,4.0,14.0,1.0,0.0,52.0,1,29.1,31.5,36.4,37.8,12.0,,N,6,5,aug,fri,63.5,70.8,665.3,0.8,17.0,72,6.7,0.0,0.0,2018-01-01T00:12:00,115.563,115.563,115.563,115.563,0.0,115.843,115.843,115.843,115.843,0.0,False,4.8,3.0,1.4,0.1,setosa,Dr Strange,Dr Strange,2016.0,676.0,410%,89%,86%,3%,165.0,232.0,443.0,85.0,42.9,-50%,36.6,34.30%,65.50%,51.50%,1,0,0,1,2,2,0.0,2,12.36,0,1.118414915964289,Andrew,Male,-3.237,0.436,-0.86,1.363,-0.251,1.915,-0.395,0.751,-0.774,-0.327,N,5.6,0.615,0.0,1.6,0.089,16.0,59.0,0.9943,3.58,0.52,9.9,5
17.22365478775899,2016-11-20,1.703136271244317,6273.940479827128,8118.005727062253,4893.242052016525,1369.180512528603,38112.35035073005,9751.96086330341,272.1328837263047,-0.7539693076875764,organic,2015.008812586224,SanFrancisco,0,60.0,0,0.15,10.0,3.73,14.0,1.0,0.0,44.0,1,29.4,32.0,37.2,40.2,13.9,1.0,N,6,5,sep,mon,90.9,126.5,686.5,7.0,21.3,42,2.2,0.0,0.0,2018-01-01T00:13:00,115.563,115.563,115.563,115.563,0.0,115.843,115.843,115.843,115.843,0.0,False,4.3,3.0,1.1,0.1,setosa,Dr Strange: Multiverse of Madness,Dr Strange,2022.0,952.0,476%,74%,77%,-3%,200.0,411.0,540.0,187.0,61.7,-67%,45.6,43.20%,56.70%,93.50%,1,0,0,1,2,2,0.0,2,21.96,0,1.5390154481375546,Andrew,Male,-2.135,0.954,-1.632,0.121,-0.704,1.6,-0.628,0.713,-0.903,-0.027,N,7.8,0.61,0.29,1.6,0.114,9.0,29.0,0.9974,3.26,1.56,9.1,5
19.961117538332264,2017-10-29,0.8813226346631498,156520.10584989368,10879.526980565552,364696.2273636916,1034.2073468027345,11221.937599737044,19846.66916758253,4077.9691773682353,-33.3646732175074,conventional,2015.987363859532,MiamiFtLauderdale,1,62.0,0,0.12,23.0,5.8,11.67,2.33,1.0,0.5,1,29.4,32.0,37.2,41.5,15.0,,N,6,5,sep,wed,92.9,133.3,699.6,9.2,26.4,21,4.5,0.0,0.0,2018-01-01T00:14:00,115.563,115.563,115.563,115.563,0.0,115.843,115.843,115.843,115.843,0.0,False,5.8,4.0,1.2,0.2,setosa,Eternals,Unique,2021.0,402.0,201%,47%,73%,-26%,200.0,164.0,237.0,71.0,26.8,-62%,43.2,40.80%,59.00%,35.50%,1,0,0,1,2,2,0.0,2,16.62,0,1.463255402256019,Andrew,Male,-2.304,1.784,-1.506,0.981,-0.961,0.806,-0.294,-0.002,0.119,-0.76,N,8.9,0.62,0.18,3.8,0.176,52.0,145.0,0.9986,3.16,0.88,9.2,5
3.7859342723585088,2017-01-22,1.4520392735397265,52734.67371812515,-4194.982053128314,-3261.7157181216044,272183.5386340627,473.2725776223833,15399.475250268131,34243.84860257185,18.55253472356722,organic,2015.998994328328,Philadelphia,0,55.0,1,0.25,12.063,4.29,14.0,1.0,0.0,24.0,1,30.4,33.0,38.3,38.8,13.8,1.0,N,6,5,sep,fri,93.3,141.2,713.9,13.9,22.9,44,5.4,0.0,0.0,2018-01-01T00:15:00,115.563,115.563,115.563,115.563,0.0,115.843,115.843,115.843,115.843,0.0,False,5.7,4.4,1.5,0.4,setosa,Guardians of the Galaxy,Guardians,2014.0,770.0,453%,92%,92%,0%,170.0,333.0,437.0,94.0,42.1,-55%,43.3,43.20%,56.80%,55.30%,1,0,0,1,2,2,0.0,2,6.3,0,0.0,Andrew,Male,-2.54,2.144,-1.024,0.933,-1.567,1.024,0.188,-0.047,0.309,-0.633,N,8.9,0.62,0.19,3.9,0.17,51.0,148.0,0.9986,3.17,0.93,9.2,5
8.245838580229428,2017-10-29,1.3302767156929232,39239.09444522296,11612.922547432465,30420.66860502056,1154.788344073438,20300.821778702644,-11822.554101619808,5463.215321585581,50.75520365645502,organic,2017.019786079097,Midsouth,1,69.0,1,0.26,11.0,4.65,18.0,1.64,1.0,0.5,1,30.4,33.0,38.5,38.8,13.5,,N,5,5,mar,sat,91.7,35.8,80.8,7.8,15.1,27,5.4,0.0,0.0,2018-01-01T00:16:00,115.563,115.563,115.563,115.563,0.0,115.843,115.843,115.843,115.843,0.0,False,5.4,3.9,1.3,0.4,setosa,Guardians of the Galaxy 2,Guardians,2017.0,869.0,435%,85%,87%,-2%,200.0,389.0,479.0,146.0,65.0,-55%,37.6,44.80%,55.10%,73.00%,1,0,0,1,2,2,0.0,2,8.16,0,0.8586616190375188,Andrew,Male,-2.826,2.003,-0.738,0.801,-1.669,0.939,0.245,-0.257,0.256,-0.458,N,8.5,0.28,0.56,1.8,0.092,35.0,103.0,0.9969,3.3,0.75,10.5,7
35.997411020955695,2017-06-11,1.5429551018101406,52412.72579005292,26680.27482461888,10831.051764595675,2857.002147814568,-7480.75833249375,-810.7457366652698,929.4285706807062,76.0305399700522,organic,2015.0045625017185,Roanoke,1,62.529,1,0.07,20.0,5.2,24.0,2.0,1.0,0.5,1,30.9,33.5,38.6,40.5,13.3,,N,8,5,oct,mon,84.9,32.8,664.2,3.0,16.7,47,4.9,0.0,0.0,2018-01-01T00:17:00,115.563,115.563,115.563,115.563,0.0,115.843,115.843,115.843,115.843,0.0,False,5.1,3.5,1.4,0.3,setosa,Incredible Hulk,Unique,2008.0,265.0,193%,67%,69%,-2%,137.5,134.0,130.0,55.0,22.1,-60%,41.1,50.60%,49.10%,40.00%,1,0,0,1,2,2,0.0,2,11.76,0,1.085189268335969,Andrew,Male,-3.582,2.374,-0.358,1.162,-1.953,0.621,0.339,0.355,0.415,-0.259,N,8.1,0.56,0.28,1.7,0.368,16.0,56.0,0.9968,3.11,1.28,9.3,5
35.93757036156374,2017-06-25,1.2672707601274085,1034701.2160098164,3807.964610038504,413080.65802285017,172689.9323220076,19060.133729630084,34801.93007013984,6854.2829485075135,200.5352312072222,conventional,2018.074932900564,NewYork,1,66.0,0,0.09,17.0,5.819,8.0,1.333,0.0,22.0,1,31.0,33.5,38.7,37.4,14.8,,N,6,4,mar,wed,89.2,27.9,70.8,6.3,15.9,35,4.0,0.0,0.0,2018-01-01T00:18:00,115.563,115.563,115.563,115.563,0.0,115.843,115.843,115.843,115.843,0.0,False,5.7,3.8,1.7,0.3,setosa,Iron Man,Iron Man,2008.0,585.0,315%,94%,91%,3%,186.0,318.0,266.0,102.0,51.2,-50%,32.1,54.40%,45.50%,54.80%,1,0,0,1,2,2,0.0,2,8.16,0,0.8586616190375188,Andrew,Male,-3.951,2.25,0.127,1.772,-1.906,0.567,-0.432,1.045,0.598,-0.293,N,7.4,0.59,0.08,4.4,0.086,6.0,29.0,0.9974,3.38,0.5,9.0,4
23.03589682019644,2017-03-19,1.0704175303468004,103342.22659714038,-7160.894688688729,12315.693797486578,945.3078745522988,-16600.94038839869,7796.48798081978,8133.855095280869,-37.81375849365908,organic,2016.006104732156,Sacramento,1,66.0,1,0.22,15.0,5.4,27.0,2.25,1.0,1.0,1,31.3,34.0,39.5,38.3,14.1,1.0,N,6,4,apr,sat,86.3,27.4,97.1,5.1,9.3,44,4.5,0.0,0.0,2018-01-01T00:19:00,115.563,115.563,115.563,115.563,0.0,115.843,115.843,115.843,115.843,0.0,False,5.1,3.8,1.5,0.3,setosa,Iron Man 2,Iron Man,2010.0,621.0,365%,71%,71%,0%,170.0,312.0,308.0,128.0,52.0,-59%,41.0,50.20%,49.60%,75.30%,1,0,0,1,2,2,0.0,2,7.54,0,1.007957920399979,Andrew,Male,-3.783,1.974,-1.2,0.606,-0.65,1.504,-0.134,0.528,0.392,-0.58,N,7.9,0.32,0.51,1.8,0.341,17.0,56.0,0.9969,3.04,1.08,9.2,6
46.93427352138629,2017-09-03,1.891241304537248,-2658.277964519956,-8420.280438010304,-18167.24403342956,-351.3214041892356,-8693.30925965209,3649.706219961397,84.31477386875554,106.73845016509956,organic,2015.9993820524423,Jacksonville,1,69.0,0,0.15,12.0,5.39,19.5,1.625,1.0,0.75,1,31.4,34.0,39.2,40.8,13.7,,N,6,4,sep,tue,91.0,129.5,692.6,7.0,18.3,40,2.7,0.0,0.0,2018-01-01T00:20:00,115.563,115.563,115.563,115.563,0.0,115.843,115.843,115.843,115.843,0.0,False,5.4,3.4,1.7,0.2,setosa,Iron Man 3,Iron Man,2013.0,1215.0,608%,79%,78%,1%,200.0,408.0,806.0,174.0,72.5,-58%,42.6,33.60%,66.30%,87.00%,1,0,0,1,2,2,0.0,2,6.8,0,0.6931471805599453,Andrew,Male,-3.673,1.811,-1.405,1.621,0.044,1.572,-0.453,0.745,-0.066,-0.733,N,8.9,0.22,0.48,1.8,0.077,29.0,60.0,0.9968,3.39,0.53,9.4,6
5.094160697000332,2017-02-05,1.5252071980764474,63052.57067261776,2446.492543003183,9716.012350100238,326.85421553827825,-1515.3670772970218,-13138.739556740617,96.13698334408993,-103.1225153920323,organic,2017.012211403994,Albany,1,85.0,1,0.18,19.0,5.46,13.83,1.38,1.0,0.75,1,31.5,34.5,39.7,39.1,13.3,,N,5,4,sep,mon,91.8,78.5,724.3,9.2,19.1,38,2.7,0.0,0.0,2018-01-01T00:21:00,115.563,115.563,115.563,115.563,0.0,115.843,115.843,115.843,115.843,0.0,False,5.1,3.7,1.5,0.4,setosa,Shang-Chi,Unique,2021.0,432.0,288%,91%,93%,-2%,150.0,224.0,207.0,75.0,34.7,-54%,33.6,51.90%,47.90%,50.00%,1,0,0,1,2,2,0.0,2,18.36,0,1.4011829736136414,Andrew,Male,-2.946,1.649,-1.167,0.788,-0.909,1.3,-0.562,0.902,-0.07,-0.842,N,7.6,0.39,0.31,2.3,0.082,23.0,71.0,0.9982,3.52,0.65,9.7,5
26.7209712545516,2015-12-06,1.4019045329850148,966913.4444114744,48892.68288819066,2362520.134719368,2377.0152030224303,61639.46136222439,38927.63808052574,5665.898840597613,-37.82301174330996,conventional,2015.9988131968703,SouthCarolina,1,73.0,0,0.23,12.733,6.06,7.5,1.5,1.0,0.5,1,31.8,35.0,40.6,38.1,15.1,,N,7,4,jun,sun,94.3,96.3,200.0,56.1,21.0,44,4.5,0.0,0.0,2018-01-01T00:22:00,115.563,115.563,115.563,115.563,0.0,115.843,115.843,115.843,115.843,0.0,False,4.6,3.6,1.0,0.2,setosa,Spider-Man: Far from Home,Spider-Man,2019.0,1132.0,708%,90%,93%,-3%,160.0,390.0,741.0,93.0,45.3,-51%,23.7,34.50%,65.50%,58.10%,1,0,0,1,2,2,0.0,2,11.76,0,1.085189268335969,Andrew,Male,-3.665,0.337,-0.641,1.791,-0.194,1.686,-0.359,0.57,-0.676,-0.841,P,7.9,0.43,0.21,1.6,0.106,10.0,37.0,0.9966,3.17,0.91,9.5,5
42.96591316378496,2018-02-18,1.7222509343903811,451551.27318388654,208.55453946737447,7270.480300275644,774.3505530721666,-12602.046249561632,1958.6305009760613,2573.9201673696302,82.23538567294574,organic,2015.9924863090173,SanDiego,1,71.0,0,0.17,0.0,4.65,8.0,1.0,1.0,5.0,1,31.9,35.0,40.5,40.1,13.8,,N,7,4,aug,sat,90.2,110.9,537.4,6.2,19.5,43,5.8,0.0,0.0,2018-01-01T00:23:00,115.563,115.563,115.563,115.563,0.0,115.843,115.843,115.843,115.843,0.0,False,5.1,3.3,1.7,0.5,setosa,Spider-Man: Homecoming,Spider-Man,2017.0,878.0,502%,92%,87%,5%,175.0,334.0,544.0,117.0,44.0,-62%,35.0,38.00%,62.00%,66.90%,1,0,0,1,2,2,0.0,2,6.0,0,0.1823215567939546,Andrew,Male,-3.165,0.408,-0.971,1.207,-0.298,1.921,-0.215,0.723,-0.492,-0.425,N,8.5,0.49,0.11,2.3,0.084,9.0,67.0,0.9968,3.17,0.53,9.4,5
22.260819139304072,2015-01-25,1.519512302038332,-30833.592750199787,13212.87809048894,-3480.3295625631345,1031.0839098928,5629.887557028383,9280.211540335356,3356.565786840399,46.25413938644685,organic,2015.0045927304784,NorthernNewEngland,0,64.0,0,0.19,5.9,3.48,10.0,1.11,,48.0,1,31.8,35.0,40.9,40.0,14.8,1.0,N,7,4,aug,sat,93.5,139.4,594.2,20.3,23.7,32,5.8,0.0,0.0,2018-01-01T00:24:00,115.563,115.563,115.563,115.563,0.0,115.843,115.843,115.843,115.843,0.0,False,4.8,3.4,1.9,0.2,setosa,Spider-Man: No Way Home,Spider-Man,2021.0,1911.0,956%,93%,96%,-3%,200.0,814.0,1097.0,260.0,84.0,-68%,32.0,42.60%,57.40%,130.00%,1,0,0,1,2,2,0.0,2,11.8,0,1.3862943611198906,Andrew,Male,-2.105,1.035,-1.705,0.231,-0.558,1.554,-0.649,0.71,-0.855,-0.151,N,6.9,0.4,0.14,2.4,0.085,21.0,40.0,0.9968,3.43,0.63,9.7,6
24.2350577118982,2015-12-13,1.1393001083438563,44862.83139731716,8712.581372786393,6802.903406164595,318.77605576497217,3161.5492792080004,-3869.5092419143775,5966.9912001077255,-50.79753089586562,organic,2017.016758514509,NorthernNewEngland,0,54.0,0,0.3,7.0,3.85,10.0,1.667,,29.0,1,32.0,35.0,40.6,40.3,15.0,,N,7,4,aug,sun,91.4,142.4,601.4,10.6,16.3,60,5.4,0.0,0.0,2018-01-01T00:25:00,115.563,115.563,115.563,115.563,0.0,115.843,115.843,115.843,115.843,0.0,False,5.0,3.0,1.6,0.2,setosa,The Avengers,Avengers,2012.0,1515.0,673%,91%,91%,0%,225.0,623.0,891.0,207.0,103.0,-50%,33.3,41.10%,58.80%,92.00%,1,0,0,1,2,2,0.0,2,14.16,0,1.2119409739751128,Andrew,Male,-2.312,1.746,-1.51,1.019,-0.99,0.941,-0.488,0.208,0.033,-0.847,N,6.3,0.39,0.16,1.4,0.08,11.0,23.0,0.9955,3.34,0.56,9.3,5
9.115282133988478,2015-09-06,2.0536276632021417,43807.2633026093,-5558.581383165999,-27582.698822916827,-154.01425190833993,11518.67502803092,-9303.359911334028,18284.63619616938,-79.66884831009723,organic,2016.9894633328324,Portland,0,35.0,0,0.3,5.0,4.17,14.0,1.0,,29.0,1,32.7,36.0,41.5,39.8,14.1,,N,7,4,sep,fri,92.4,117.9,668.0,12.2,19.0,34,5.8,0.0,0.0,2018-01-01T00:26:00,115.563,115.563,115.563,115.563,0.0,115.843,115.843,115.843,115.843,0.0,False,5.0,3.4,1.6,0.4,setosa,Thor: Dark World,Thor,2013.0,644.0,429%,66%,75%,-9%,150.0,206.0,438.0,85.0,36.5,-57%,41.5,32.00%,68.00%,56.70%,1,0,0,1,2,2,0.0,2,10.38,0,1.1249295969854831,Andrew,Male,-2.635,2.147,-1.129,0.911,-1.407,1.095,-0.071,0.118,0.139,-0.685,N,7.6,0.41,0.24,1.8,0.08,4.0,11.0,0.9962,3.28,0.59,9.5,5
31.8425645586933,2017-01-01,1.817022355359025,97390.10672889175,10251.526993746762,-6638.473957054162,1879.8893547766504,-7533.765114893145,-11572.453483172598,-1043.0412865670949,176.31333966425504,organic,2015.0230024148964,Spokane,0,55.0,0,,7.0,,2.0,1.0,,29.0,1,32.8,36.0,41.6,40.6,14.9,,N,7,4,sep,mon,90.9,126.5,686.5,7.0,19.4,48,1.3,0.0,0.0,2018-01-01T00:27:00,115.563,115.563,115.563,115.563,0.0,115.843,115.843,115.843,115.843,0.0,False,5.2,3.5,1.5,0.2,setosa,Thor: Love & Thunder,Thor,2022.0,745.0,298%,64%,63%,1%,250.0,343.0,403.0,144.0,46.6,-68%,42.0,46.00%,54.10%,57.60%,1,0,0,1,2,2,0.0,2,6.89,0,0.9516578757114464,Andrew,Male,-2.887,2.131,-0.83,0.682,-1.557,0.818,0.448,-0.382,0.207,-0.402,N,7.9,0.43,0.21,1.6,0.106,10.0,37.0,0.9966,3.17,0.91,9.5,5
31.905946934405552,2016-03-27,1.3392305468352308,73503.22307141202,13300.80991823104,-32323.352958423704,1802.658973961744,-12735.943369028626,-7243.064877507187,-150.00015816051723,21.692445595405463,organic,2016.0058283592111,NewOrleansMobile,1,75.0,0,,,,,1.0,,0.25,1,33.5,37.0,42.6,44.5,15.5,0.0,N,6,3,sep,sat,93.4,145.4,721.4,8.1,30.2,24,2.7,0.0,0.0,2018-01-01T00:28:00,115.563,115.563,115.563,115.563,0.0,115.843,115.843,115.843,115.843,0.0,False,5.2,3.4,1.4,0.2,setosa,Thor: Ragnarok,Thor,2017.0,850.0,472%,93%,87%,6%,180.0,315.0,535.0,122.0,57.0,-53%,39.0,37.10%,62.90%,67.80%,1,0,0,1,2,2,0.0,2,23.76,0,1.601405740736836,Andrew,Male,-3.635,2.25,-0.394,1.012,-1.693,0.117,0.665,0.281,0.343,-0.003,N,7.1,0.71,0.0,1.9,0.08,14.0,35.0,0.9972,3.47,0.55,9.4,5
6.375075829216039,2015-05-24,1.4102058570776397,83087.96677399514,-3544.9898750042184,7692.02870732716,13860.715685820962,93899.21002479288,58490.97863362479,2125.225332136719,-132.07972373664452,conventional,2015.9969839336827,SanDiego,0,55.0,1,0.21,4.2,4.16,14.0,1.56,0.0,36.0,1,35.0,38.5,44.1,40.9,14.3,0.0,N,6,3,sep,sun,93.5,149.3,728.6,8.1,22.8,39,3.6,0.0,0.0,2018-01-01T00:29:00,115.563,115.563,115.563,115.563,0.0,115.843,115.843,115.843,115.843,0.0,False,4.7,3.2,1.6,0.2,setosa,Thor,Thor,2011.0,449.0,299%,77%,76%,1%,150.0,181.0,268.0,65.0,34.0,-48%,36.3,40.30%,59.70%,43.30%,1,0,0,1,2,2,0.0,2,17.8,0,0.6931471805599453,Andrew,Male,-3.986,2.325,0.102,1.633,-2.014,0.576,-0.344,1.003,0.566,-0.245,N,7.8,0.645,0.0,2.0,0.082,8.0,16.0,0.9964,3.38,0.59,9.8,6
8.634169336533432,2018-01-14,1.1925363957026085,1248482.4309699822,19849.387473923183,1133362.99856427,181.72608422941292,1148002.840175809,321103.5614632934,121300.3891889416,5200.965363244441,conventional,2016.9904836334151,MiamiFtLauderdale,1,65.0,0,0.15,,5.05,10.0,1.0,,1.0,1,35.0,38.5,44.0,41.1,14.3,,N,6,3,sep,fri,94.3,85.1,692.3,15.9,25.4,24,3.6,0.0,0.0,2018-01-01T00:30:00,115.563,115.563,115.563,115.563,0.0,115.843,115.843,115.843,115.843,0.0,False,4.8,3.1,1.6,0.2,setosa,Ant-Man and the Wasp: Quantumania,Ant-Man,2023.0,476.0,190%,47%,83%,36%,250.0,213.0,263.0,104.0,32.0,-69%,21.8,44.80%,55.20%,41.60%,1,0,0,1,2,2,0.0,2,6.89,0,0.9516578757114464,Andrew,Male,-3.712,1.816,-1.171,0.647,-0.767,1.698,-0.347,0.92,0.159,-0.359,N,6.7,0.675,0.07,2.4,0.089,17.0,82.0,0.9958,3.35,0.54,10.1,5
4.542987712507781,2017-10-22,1.3907770238961088,57409.30807942647,-4901.983632476212,6070.555988297471,-225.53818683336084,11222.918585407551,-9950.335738893406,617.7341778269715,-65.66240455926479,organic,2015.0018520248025,HartfordSpringfield,1,52.0,1,0.17,17.2,5.32,14.0,1.17,,1.0,1,36.2,39.5,45.3,41.4,14.9,1.0,N,6,3,sep,mon,88.6,91.8,709.9,7.1,11.2,78,7.6,0.0,0.0,2018-01-01T00:31:00,115.563,115.563,115.563,115.563,0.0,115.843,115.843,115.843,115.843,0.0,False,5.4,3.4,1.5,0.4,setosa,Guardians of the Galaxy Vol. 3,Guardians,2023.0,845.0,338%,82%,95%,-13%,250.0,358.0,487.0,118.0,49.0,-59%,14.0,42.40%,57.60%,47.20%,1,0,0,1,2,2,0.0,2,8.76,0,0.9001613499442714,Andrew,Male,-3.74,1.832,-1.384,1.587,0.049,1.642,-0.516,0.707,-0.169,-0.522,N,6.9,0.685,0.0,2.5,0.105,22.0,37.0,0.9966,3.46,0.57,10.6,6
4.385159318064473,2016-03-27,1.194310668154793,181184.7365237644,-4069.481930870451,-20157.47484214557,2351.384242994892,12941.163872001423,3143.364381008808,22273.4334714505,60.24145992112277,organic,2016.0075657728985,Pittsburgh,1,,0,,12.0,,6.0,3.0,,3.0,1,37.4,41.0,45.9,40.6,14.7,0.0,N,6,3,sep,fri,88.6,69.7,706.8,5.8,20.6,37,1.8,0.0,0.0,2018-01-01T00:32:00,115.563,115.563,115.563,115.563,0.0,115.843,115.843,115.843,115.843,0.0,False,5.2,4.1,1.5,0.1,setosa,The Marvels,Unique,2023.0,503.0,201%,57%,73%,-16%,250.0,215.0,288.0,81.0,27.0,-67%,16.1,42.70%,57.30%,32.40%,1,0,0,1,2,2,0.0,2,8.76,0,0.9001613499442714,Andrew,Male,-2.859,1.627,-1.14,0.769,-0.948,1.39,-0.608,0.956,-0.204,-0.727,N,8.3,0.655,0.12,2.3,0.083,15.0,113.0,0.9966,3.17,0.66,9.8,5
28.031697009804752,2015-01-04,1.951661359511631,8234.97551327253,2575.732704949384,15876.767218494471,1031.1372908487429,42794.12965715927,-1856.584257084235,363.7933370353103,27.68516629275996,organic,2016.0023675559828,NewOrleansMobile,0,47.0,0,0.4,5.12,3.1,12.0,1.0,,27.0,1,38.0,41.0,46.5,37.9,13.7,,N,6,3,sep,sun,91.7,75.6,718.3,7.8,17.7,39,3.6,0.0,0.0,2018-01-01T00:33:00,115.563,115.563,115.563,115.563,0.0,115.843,115.843,115.843,115.843,0.0,False,5.5,4.2,1.4,0.2,setosa,Spider-Man: Across the Spider-Verse,Spider-Man,2023.0,680.0,681%,96%,94%,2%,100.0,380.0,300.0,120.0,52.0,-57%,17.6,55.90%,44.10%,120.00%,1,0,0,1,2,2,0.0,2,19.56,0,1.449269160281279,Andrew,Male,-3.624,0.305,-0.708,1.758,-0.194,1.675,-0.273,0.561,-0.577,-0.843,P,6.9,0.605,0.12,10.7,0.073,40.0,83.0,0.9993,3.45,0.52,9.4,6
33.22640116383171,2015-09-13,1.0920392851151373,465600.2594872604,-13076.178685066629,60041.91532450878,583.5180839888403,13532.362402788684,9472.199761966403,-1015.5733992764052,-62.30391937162084,conventional,2015.0204221017025,SouthCarolina,0,63.0,0,,10.0,,14.0,1.17,0.0,35.0,2,23.6,26.0,28.7,29.2,14.8,,P,6,3,sep,mon,91.8,78.5,724.3,9.2,21.2,32,2.7,0.0,0.0,2018-01-01T00:34:00,115.563,115.563,115.563,115.563,0.0,115.843,115.843,115.843,115.843,0.0,False,4.9,3.1,1.5,0.2,setosa,Deadpool,Deadpool,2016.0,783.0,1350%,85%,90%,5%,58.0,363.0,420.0,132.4,56.5,-57%,0.1691,46.36%,53.64%,228.28%,1,0,0,1,2,2,0.0,2,8.76,0,0.9001613499442714,Andrew,Male,-3.062,0.351,-1.071,1.061,-0.355,1.99,-0.21,0.796,-0.358,-0.299,N,5.2,0.32,0.25,1.8,0.103,13.0,50.0,0.9957,3.38,0.55,9.2,5
34.24522951598183,2015-03-29,0.9707825625654218,3519778.71564924,2630066.221730253,501676.3078833758,18529.98298535697,934239.6859918596,82020.36424932024,86768.06447118043,6374.251169764223,conventional,2015.998424323244,Northeast,0,61.0,0,0.61,13.1,4.07,13.0,1.625,0.0,26.0,2,24.1,26.5,29.3,27.8,14.5,,P,6,3,sep,tue,90.3,80.7,730.2,6.3,18.2,62,4.5,0.0,0.0,2018-01-01T00:35:00,115.563,115.563,115.563,115.563,0.0,115.843,115.843,115.843,115.843,0.0,False,5.0,3.2,1.2,0.2,setosa,Deadpool 2,Deadpool,2018.0,786.0,714%,84%,85%,1%,110.0,324.0,462.0,125.5,43.5,-65%,0.1597,41.22%,58.78%,114.09%,1,0,0,1,2,2,0.0,2,30.8,0,1.0986122886681098,Andrew,Male,-2.081,1.05,-1.778,0.411,-0.518,1.46,-0.576,0.735,-0.866,-0.172,N,7.8,0.645,0.0,5.5,0.086,5.0,18.0,0.9986,3.4,0.55,9.6,6
33.61900558644301,2016-10-30,1.68044864907031,-17184.387029941638,5570.031073656464,-7044.035669779101,1088.0997617423377,-8452.78388073226,8785.820802516686,-1296.7986300435716,-173.6983438369639,organic,2016.997232150614,Boise,0,63.0,1,,,5.31,5.0,1.0,0.0,16.0,2,25.6,28.0,30.8,28.5,15.2,,P,6,3,oct,tue,90.6,35.4,669.1,6.7,21.7,24,4.5,0.0,0.0,2018-01-01T00:36:00,115.563,115.563,115.563,115.563,0.0,115.843,115.843,115.843,115.843,0.0,False,5.5,3.5,1.3,0.2,setosa,,,,,,,,,,,,,,,,,,,1,0,0,5,2,2,0.0,2,6.96,0,0.7701082216960737,Andrew,Male,-2.289,1.845,-1.616,0.987,-0.876,1.044,-0.549,0.196,-0.07,-0.814,N,7.8,0.6,0.14,2.4,0.086,3.0,15.0,0.9975,3.42,0.6,10.8,6
2.139153401920126,2017-10-22,1.2941658583374591,355476.6844482557,82071.08798654858,8934.70295336777,26479.77118676839,130552.64657791398,61528.98755647951,32938.49624647348,170.0927289807097,conventional,2015.023633569588,Albany,1,65.0,0,0.06,23.6,,21.5,2.15,1.0,1.0,2,28.5,31.0,34.0,31.6,19.3,,N,7,4,oct,fri,90.0,41.5,682.6,8.7,11.3,60,5.4,0.0,0.0,2018-01-01T00:37:00,115.563,115.563,115.563,115.563,0.0,115.843,115.843,115.843,115.843,0.0,False,4.9,3.6,1.4,0.1,setosa,,,,,,,,,,,,,,,,,,,1,0,0,5,2,2,0.0,2,7.88,0,0.947789398933526,Andrew,Male,-2.724,2.067,-1.142,0.923,-1.157,1.17,-0.276,0.172,-0.008,-0.649,N,8.1,0.38,0.28,2.1,0.066,13.0,30.0,0.9968,3.23,0.73,9.7,7
44.29388832280421,2017-04-30,1.3179007644743348,1283670.7492406275,74336.05249308112,120127.75668299092,17795.233234464285,54920.67354846184,36644.90423053224,1335.9026686659206,-159.34608921817463,conventional,2015.020099738001,Charlotte,0,68.0,0,0.51,,3.88,15.0,1.67,0.0,19.0,2,33.7,36.4,39.6,29.7,16.6,0.0,N,7,3,oct,sat,90.6,43.7,686.9,6.7,17.8,27,4.0,0.0,0.0,2018-01-01T00:38:00,115.563,115.563,115.563,115.563,0.0,115.843,115.843,115.843,115.843,0.0,False,4.4,3.0,1.3,0.2,setosa,,,,,,,,,,,,,,,,,,,1,0,0,1,2,2,0.0,2,8.76,0,0.9001613499442714,Andrew,Male,-3.015,2.232,-0.899,0.574,-1.331,0.546,0.61,-0.452,0.035,-0.156,N,5.7,1.13,0.09,1.5,0.172,7.0,19.0,0.994,3.5,0.48,9.8,4
21.356484532477705,2017-11-05,1.8192147929834293,-11018.082811596418,-10896.596861620144,7987.731524383782,1349.9688656149283,-9120.42346110306,-1426.5433646378417,-284.125758634548,-21.431436779713028,organic,2017.007012089509,Orlando,0,80.0,0,0.41,5.4,4.36,,1.0,,31.0,2,37.3,40.0,43.5,28.4,15.0,,N,4,4,mar,tue,88.1,25.7,67.6,3.8,14.1,43,2.7,0.0,0.0,2018-01-01T00:39:00,115.563,115.563,115.563,115.563,0.0,115.843,115.843,115.843,115.843,0.0,False,5.1,3.4,1.5,0.2,setosa,,,,,,,,,,,,,,,,,,,1,0,0,1,2,2,0.0,2,8.84,0,1.1118575154181305,Andrew,Male,-3.559,2.126,-0.445,1.053,-1.765,0.349,0.546,0.321,0.443,-0.118,N,7.3,0.45,0.36,5.9,0.074,12.0,87.0,0.9978,3.33,0.83,10.5,5
22.1783069440393,2017-04-23,0.9593978659932472,1877727.2737378315,714021.3255319834,138632.73153339795,156495.38153570326,87045.291866057,61571.635028346886,146580.42220821278,104.01669142280676,conventional,2015.023613404282,WestTexNewMexico,0,54.0,0,0.35,9.3,3.63,11.0,1.222,0.0,32.0,3,12.9,14.1,16.2,25.6,14.0,,P,4,4,jul,tue,79.5,60.6,366.7,1.5,23.3,37,3.1,0.0,0.0,2018-01-01T00:40:00,115.563,115.563,115.563,115.563,0.0,115.843,115.843,115.843,115.843,0.0,False,5.0,3.5,1.3,0.3,setosa,,,,,,,,,,,,,,,,,,,1,0,0,1,2,2,0.0,2,33.5,0,2.0412203288596382,Andrew,Male,-4.074,2.281,0.152,1.556,-1.613,-0.047,0.222,0.252,0.775,0.125,N,7.3,0.45,0.36,5.9,0.074,12.0,87.0,0.9978,3.33,0.83,10.5,5
27.973584777142765,2015-07-19,1.0595219019803357,3433793.259389452,584637.8131793513,448729.1696328856,129169.11817419127,118614.18778685707,6704597.584254881,199421.92076509492,72.93730794752204,conventional,2016.992103950835,Seattle,0,70.0,1,0.27,4.7,4.49,22.0,2.0,0.0,16.0,3,16.5,18.2,20.3,26.1,13.9,,P,4,4,aug,sat,90.2,96.9,624.2,8.9,18.4,42,6.7,0.0,0.0,2018-01-01T00:41:00,115.563,115.563,115.563,115.563,0.0,115.843,115.843,115.843,115.843,0.0,False,4.5,2.3,1.3,0.3,setosa,,,,,,,,,,,,,,,,,,,1,0,0,1,2,2,0.0,2,12.8,0,1.3862943611198906,Andrew,Male,-3.618,1.576,-1.14,0.699,-0.741,1.633,-0.387,1.086,0.235,-0.388,N,8.8,0.61,0.3,2.8,0.088,17.0,46.0,0.9976,3.26,0.51,9.3,4
1.4249321613330526,2018-02-18,1.404058561227561,379691.8838006955,-8491.281948209857,11774.225347412315,887.3217985123251,5204.049136934845,40958.12389781729,15446.339704391035,24.87890891456486,conventional,2015.988149163868,Tampa,0,79.0,0,0.15,17.5,4.27,13.0,1.3,0.0,40.0,3,17.5,18.8,21.2,26.3,13.7,,P,4,4,aug,tue,94.8,108.3,647.1,17.0,16.6,54,5.4,0.0,0.0,2018-01-01T00:42:00,115.563,115.563,115.563,115.563,0.0,115.843,115.843,115.843,115.843,0.0,False,4.4,3.2,1.3,0.2,setosa,,,,,,,,,,,,,,,,,,,1,0,0,2,2,2,0.0,2,6.96,0,0.7701082216960737,Andrew,Male,-3.687,1.784,-1.593,1.603,0.123,1.424,-0.225,0.441,0.206,-0.714,N,7.5,0.49,0.2,2.6,0.332,8.0,14.0,0.9968,3.21,0.9,10.5,6
38.106910521580176,2017-01-22,0.8575020198291649,243210.4775568351,15239.713843601054,45121.507937680304,415.8836004353038,66167.07797394544,53254.41991195303,13547.00487478289,-55.6788872474514,conventional,2017.012545903102,Albany,0,56.0,0,0.33,,3.59,14.0,1.0,0.0,46.0,3,18.2,19.8,22.2,25.3,14.3,,P,4,4,sep,sat,92.5,88.0,698.6,7.1,19.6,48,2.7,0.0,0.0,2018-01-01T00:43:00,115.563,115.563,115.563,115.563,0.0,115.843,115.843,115.843,115.843,0.0,False,5.0,3.5,1.6,0.6,setosa,,,,,,,,,,,,,,,,,,,1,0,0,1,2,2,0.0,2,8.5,0,0.9932517730102834,Andrew,Male,-2.69,1.652,-1.261,0.674,-0.964,1.449,-0.593,1.005,-0.303,-0.541,N,8.1,0.66,0.22,2.2,0.069,9.0,23.0,0.9968,3.3,1.2,10.3,5
0.8454070366470372,2017-12-10,1.1495186597059803,358786.70547143125,13756.59010789598,4926.787394142128,2397.05331443828,100151.90431562606,2573.6027146231136,-1675.414757041577,106.06913010913246,conventional,2017.0165531264345,HarrisburgScranton,1,67.0,1,0.44,9.0,3.96,17.5,1.45,,2.0,3,18.6,20.0,22.2,28.0,16.1,,P,4,4,sep,wed,90.1,82.9,735.7,6.2,12.9,74,4.9,0.0,0.0,2018-01-01T00:44:00,115.563,115.563,115.563,115.563,0.0,115.843,115.843,115.843,115.843,0.0,False,5.1,3.8,1.9,0.4,setosa,,,,,,,,,,,,,,,,,,,1,0,0,5,2,2,0.0,2,11.16,0,1.0508216248317612,Andrew,Male,-3.593,0.29,-0.782,1.707,-0.175,1.662,-0.137,0.493,-0.492,-0.926,P,6.8,0.67,0.02,1.8,0.05,5.0,11.0,0.9962,3.48,0.52,9.5,5
45.7922071805538,2017-08-13,1.5813949754317278,90555.8043117514,-5369.852931380658,-2835.587238269638,2615.051156704832,-9114.036822307657,-5903.373632785978,1020.7737772225098,-146.21572296990686,organic,2015.9877466373744,SouthCarolina,0,64.0,0,0.09,,,12.0,2.0,,37.0,3,19.0,20.5,22.8,28.4,14.7,,P,5,6,sep,wed,94.3,85.1,692.3,15.9,25.9,24,4.0,0.0,0.0,2018-01-01T00:45:00,115.563,115.563,115.563,115.563,0.0,115.843,115.843,115.843,115.843,0.0,False,4.8,3.0,1.4,0.3,setosa,,,,,,,,,,,,,,,,,,,1,0,0,1,2,2,0.0,2,8.3,0,0.0,Andrew,Male,-3.046,0.387,-1.165,0.94,-0.386,1.978,-0.186,0.811,-0.394,-0.198,N,4.6,0.52,0.15,2.1,0.054,8.0,65.0,0.9934,3.9,0.56,13.1,4
4.497885907561434,2017-05-28,1.361973326190983,350370.0361606294,16066.65765386723,56502.58269949361,233.04112303722823,142062.1165748738,69674.85759256525,5353.978519206253,22.561493899081952,conventional,2015.9986382783784,Roanoke,1,81.0,0,0.12,,,9.0,1.25,0.0,19.5,3,19.1,20.8,23.1,26.7,14.7,0.0,P,5,6,sep,mon,90.9,126.5,686.5,7.0,14.7,70,3.6,0.0,0.0,2018-01-01T00:46:00,115.563,115.563,115.563,115.563,0.0,115.843,115.843,115.843,115.843,0.0,False,5.1,3.8,1.6,0.2,setosa,,,,,,,,,,,,,,,,,,,1,0,0,1,2,2,0.0,2,15.96,0,1.297463147413275,Andrew,Male,-2.255,0.902,-1.723,0.454,-0.524,1.453,-0.614,0.761,-0.885,-0.118,N,7.7,0.935,0.43,2.2,0.114,22.0,114.0,0.997,3.25,0.73,9.2,5
6.231155603446059,2016-04-24,1.7477995248111675,23778.01633184952,-14698.85269661537,-9138.688404590392,252.28597934304003,-4770.701046983515,10388.98969606763,18390.322167010567,-1.6279869260207498,organic,2015.0044614155624,Indianapolis,1,59.0,0,0.03,21.3,6.29,17.0,1.31,0.0,20.0,3,19.4,21.0,23.7,25.8,13.9,0.0,P,6,6,jul,mon,94.2,62.3,442.9,11.0,23.0,36,3.1,0.0,0.0,2018-01-01T00:47:00,115.563,115.563,115.563,115.563,0.0,115.843,115.843,115.843,115.843,0.0,False,4.6,3.2,1.4,0.2,setosa,,,,,,,,,,,,,,,,,,,1,0,0,1,2,2,0.0,2,26.16,0,1.6789639750827108,Andrew,Male,-2.299,1.848,-1.695,1.065,-0.861,1.047,-0.607,0.313,-0.253,-0.759,N,8.7,0.29,0.52,1.6,0.113,12.0,37.0,0.9969,3.25,0.58,9.5,5
17.185816488541704,2015-02-01,0.7232397667165351,3266663.476073876,552622.4646742395,314276.6438612548,461367.3446630809,1727322.9479446397,584254.6091022016,78093.26438465301,16536.63638114701,conventional,2017.9923947716088,California,1,63.0,1,,,,23.0,2.3,1.0,0.25,3,20.4,22.0,24.7,23.5,15.2,0.0,P,4,4,mar,mon,87.2,23.9,64.7,4.1,11.8,35,1.8,0.0,0.0,2018-01-01T00:48:00,115.563,115.563,115.563,115.563,0.0,115.843,115.843,115.843,115.843,0.0,False,5.3,3.7,1.5,0.2,setosa,,,,,,,,,,,,,,,,,,,1,0,0,1,2,2,0.0,2,10.14,0,1.205970806988609,Andrew,Male,-2.911,1.928,-1.131,0.899,-0.911,1.111,-0.208,-0.047,-0.029,-0.539,N,6.4,0.4,0.23,1.6,0.066,5.0,12.0,0.9958,3.34,0.56,9.2,5
6.523459638765463,2018-02-11,1.848298232293217,55306.21509259215,-11978.776733813447,-19752.544134015683,-327.8639459843691,-1346.3724394861474,-7343.432084030554,2876.574988290331,-127.71432718736776,organic,2014.9992200608297,Pittsburgh,1,56.0,1,0.04,14.0,5.0,,,1.0,2.0,3,20.5,22.0,24.3,27.3,14.6,0.0,P,4,4,mar,mon,87.6,52.2,103.8,5.0,11.0,46,5.8,0.0,0.0,2018-01-01T00:49:00,115.563,115.563,115.563,115.563,0.0,115.843,115.843,115.843,115.843,0.0,False,5.0,3.3,1.4,0.2,setosa,,,,,,,,,,,,,,,,,,,1,0,0,1,2,2,0.0,2,5.76,0,0.6729444732424258,Andrew,Male,-3.089,2.339,-0.973,0.463,-1.169,0.543,0.598,-0.45,-0.08,-0.039,N,5.6,0.31,0.37,1.4,0.074,12.0,96.0,0.9954,3.32,0.58,9.2,5
17.926508199424006,2017-08-06,1.4347908205474154,2066.104968001975,7303.170334263304,37296.13325495268,603.6142598523634,-3509.5399506037884,-5925.433979660981,-3255.706597695972,183.56744794858125,organic,2016.007439256135,HarrisburgScranton,1,61.0,1,0.27,,,9.0,1.5,1.0,7.0,3,20.5,22.5,25.3,27.8,15.1,0.0,P,4,4,sep,thu,92.9,137.0,706.4,9.2,20.8,17,1.3,0.0,0.0,2018-01-01T00:50:00,115.563,115.563,115.563,115.563,0.0,115.843,115.843,115.843,115.843,0.0,False,7.0,3.2,4.7,1.4,versicolor,,,,,,,,,,,,,,,,,,,1,0,0,4,2,2,0.0,2,9.3,0,0.0,Andrew,Male,-3.459,2.086,-0.595,0.937,-1.841,0.6,0.457,0.4,0.473,-0.211,N,8.8,0.66,0.26,1.7,0.074,4.0,23.0,0.9971,3.15,0.74,9.2,5
23.96577015611716,2018-02-18,1.7027198892645807,38540.79961534843,17190.39362919929,-24714.9534465044,-371.6055887922368,3533.3535263089934,-502.7247827686879,31615.220412230963,-19.135352489654768,organic,2015.004627582324,Nashville,0,57.0,0,0.24,14.8,5.26,18.0,1.38,,10.0,3,21.0,22.5,25.0,26.2,13.3,,P,4,3,aug,sun,90.2,99.6,631.2,6.3,21.5,34,2.2,0.0,0.0,2018-01-01T00:51:00,115.563,115.563,115.563,115.563,0.0,115.843,115.843,115.843,115.843,0.0,False,6.4,3.2,4.5,1.5,versicolor,,,,,,,,,,,,,,,,,,,1,0,0,1,2,2,0.0,2,17.16,0,1.3506671834767394,Andrew,Male,-4.208,2.447,0.049,1.331,-2.088,0.585,-0.05,0.82,0.606,-0.302,N,6.6,0.52,0.04,2.2,0.069,8.0,15.0,0.9956,3.4,0.63,9.4,6
38.994766292778834,2016-08-28,0.5973526907622864,1265607.6856407626,482405.4921518811,316199.46291520604,253837.68033755745,941903.426879148,233195.8770474571,485452.9257527173,95.1368076488205,conventional,2018.053472015552,Northeast,0,58.0,0,0.3,9.4,3.49,14.0,1.0,0.0,12.0,3,21.1,22.5,25.0,25.6,15.2,0.0,P,4,3,aug,wed,92.1,111.2,654.1,9.6,20.4,42,4.9,0.0,0.0,2018-01-01T00:52:00,115.563,115.563,115.563,115.563,0.0,115.843,115.843,115.843,115.843,0.0,False,6.9,3.1,4.9,1.5,versicolor,,,,,,,,,,,,,,,,,,,1,0,0,1,2,2,0.0,2,18.5,0,1.547562508716013,Andrew,Male,-3.543,1.391,-1.22,0.699,-0.769,1.579,-0.379,1.158,0.181,-0.178,N,6.6,0.5,0.04,2.1,0.068,6.0,14.0,0.9955,3.39,0.64,9.4,6
22.590021560754508,2017-11-26,1.9231564821316984,26727.17669513725,2675.719822550749,-4388.423583712569,1640.7679883234068,10763.674809051852,6528.044911707718,21551.163551487145,-201.31791080139047,organic,2015.999176973744,Southeast,1,60.0,0,0.01,24.6,5.65,39.0,3.0,1.0,1.0,3,22.0,24.0,27.2,27.7,14.1,,P,4,3,aug,wed,92.1,111.2,654.1,9.6,20.4,42,4.9,0.0,0.0,2018-01-01T00:53:00,115.563,115.563,115.563,115.563,0.0,115.843,115.843,115.843,115.843,0.0,False,5.5,2.3,4.0,1.3,versicolor,,,,,,,,,,,,,,,,,,,1,0,0,1,2,2,0.0,2,11.8,0,0.0,Andrew,Male,-3.684,1.774,-1.728,1.611,0.1,1.393,-0.193,0.554,0.245,-0.919,N,8.6,0.38,0.36,3.0,0.081,30.0,119.0,0.997,3.2,0.56,9.4,5
25.429574263694,2016-03-13,1.0531510934312671,6797455.524437476,1413975.4781866055,2297441.4950276744,9154.786800061036,229758.67739425047,333303.5379516072,1797.4920637852151,116.87040398305037,conventional,2015.993145318239,Denver,0,66.0,0,0.29,15.6,6.15,14.0,1.0,0.0,10.0,3,22.0,23.4,26.7,25.9,13.6,,P,4,3,aug,thu,91.7,114.3,661.3,6.3,17.6,45,3.6,0.0,0.0,2018-01-01T00:54:00,115.563,115.563,115.563,115.563,0.0,115.843,115.843,115.843,115.843,0.0,False,6.5,2.8,4.6,1.5,versicolor,,,,,,,,,,,,,,,,,,,1,0,0,1,2,2,0.0,2,18.96,0,1.425515074273172,Andrew,Male,-2.596,1.56,-1.249,0.656,-1.095,1.292,-0.55,1.006,-0.15,-0.553,N,7.6,0.51,0.15,2.8,0.11,33.0,73.0,0.9955,3.17,0.63,10.2,6
22.666982397218323,2015-06-28,1.757376339629736,10987.011806684794,-12268.443323360756,-11462.308686459231,709.7284213241778,9852.151228484516,11200.84789803437,233.88888368536848,-101.37691206717383,organic,2015.9929618053984,GrandRapids,0,63.0,0,0.15,13.0,4.57,13.0,1.08,0.0,45.0,3,22.1,23.5,26.8,27.6,15.4,0.0,P,4,3,sep,thu,92.9,137.0,706.4,9.2,27.7,24,2.2,0.0,0.0,2018-01-01T00:55:00,115.563,115.563,115.563,115.563,0.0,115.843,115.843,115.843,115.843,0.0,False,5.7,2.8,4.5,1.3,versicolor,,,,,,,,,,,,,,,,,,,1,0,0,2,2,2,0.0,2,10.8,0,1.3862943611198906,Andrew,Male,-3.604,0.235,-0.836,1.786,-0.153,1.642,-0.096,0.488,-0.524,-1.003,P,7.7,0.62,0.04,3.8,0.084,25.0,45.0,0.9978,3.34,0.53,9.5,5
2.491281569876145,2016-12-25,1.430868926758651,53090.31448548539,-24398.414049512325,-17308.196617964953,1045.6922811734523,11086.597118923546,-14278.660498712925,-569.8596359064925,-95.76713570839684,organic,2015.9846797865969,NewOrleansMobile,0,57.0,0,0.13,18.6,4.37,12.33,1.37,0.0,22.0,3,23.6,25.2,27.9,25.4,14.0,,P,4,3,sep,tue,90.3,80.7,730.2,6.3,17.8,63,4.9,0.0,0.0,2018-01-01T00:56:00,115.563,115.563,115.563,115.563,0.0,115.843,115.843,115.843,115.843,0.0,False,6.3,3.3,4.7,1.6,versicolor,,,,,,,,,,,,,,,,,,,1,0,0,2,2,2,0.0,2,19.8,0,1.252762968495368,Andrew,Male,-3.171,0.49,-1.128,0.911,-0.388,2.014,-0.212,0.707,-0.551,-0.187,N,10.2,0.42,0.57,3.4,0.07,4.0,10.0,0.9971,3.04,0.63,9.6,5
30.323163979833,2018-01-14,1.008524199345946,582301.6042986622,937757.3828036608,41221.4193673307,13063.848846333396,29063.153127671336,82782.71390251665,5170.4803938787645,263.01257361096384,conventional,2016.0140988622047,Tampa,0,70.0,0,0.1,9.8,5.3,23.0,2.3,0.0,53.0,3,24.0,26.0,29.2,30.4,15.4,,P,4,3,oct,sun,92.6,46.5,691.8,8.8,13.8,50,2.7,0.0,0.0,2018-01-01T00:57:00,115.563,115.563,115.563,115.563,0.0,115.843,115.843,115.843,115.843,0.0,False,4.9,2.4,3.3,1.0,versicolor,,,,,,,,,,,,,,,,,,,1,0,0,1,2,2,0.0,2,9.0,0,0.7884573603642703,Andrew,Male,-2.302,0.85,-1.646,0.455,-0.488,1.491,-0.617,0.819,-0.887,-0.08,N,7.5,0.63,0.12,5.1,0.111,50.0,110.0,0.9983,3.26,0.77,9.4,5
40.96070424286093,2017-05-21,1.219073867045208,-13219.258564146854,23802.12180180049,179208.1939653665,1671.9784878896085,-23069.204061653392,26225.50669013992,2910.2924174198733,-91.86292351867652,organic,2016.011348371651,Indianapolis,0,68.0,0,0.29,,4.41,14.0,1.167,,38.0,3,25.0,27.0,30.6,28.0,15.6,0.0,P,2,2,feb,mon,84.0,9.3,34.0,2.1,13.9,40,5.4,0.0,0.0,2018-01-01T00:58:00,115.563,115.563,115.563,115.563,0.0,115.843,115.843,115.843,115.843,0.0,False,6.6,2.9,4.6,1.3,versicolor,,,,,,,,,,,,,,,,,,,1,0,0,1,2,2,0.0,2,6.36,0,0.7227059828014898,Andrew,Male,-2.368,1.727,-1.556,1.162,-0.819,0.941,-0.572,0.345,-0.279,-0.736,N,7.8,0.59,0.18,2.3,0.076,17.0,54.0,0.9975,3.43,0.59,10.0,5
32.434685302996904,2016-09-04,1.5500220008208327,38118.97645467124,-6674.367645458216,22736.5541423263,372.7327489161332,2411.375826770878,13281.970677452133,5829.394138284613,102.43748180092574,organic,2016.020349463142,Tampa,0,79.0,0,0.17,11.9,5.15,10.5,1.05,0.0,26.0,3,29.5,31.7,35.0,27.1,15.3,,P,2,2,feb,fri,86.6,13.2,43.0,5.3,12.3,51,0.9,0.0,0.0,2018-01-01T00:59:00,115.563,115.563,115.563,115.563,0.0,115.843,115.843,115.843,115.843,0.0,False,5.2,2.7,3.9,1.4,versicolor,,,,,,,,,,,,,,,,,,,1,0,0,1,2,2,0.0,2,21.8,0,0.0,Andrew,Male,-3.141,1.873,-1.131,0.941,-0.759,1.224,-0.354,0.016,-0.218,-0.568,N,7.3,0.39,0.31,2.4,0.074,9.0,46.0,0.9962,3.41,0.54,9.4,6
38.94896128178237,2015-02-22,1.6655821508377295,96139.68182723947,31530.1428078362,30381.10449245166,1038.9807471083554,3036.184914069887,2074.7666421571093,-2008.7945425974983,119.15306531840729,organic,2016.0116821456352,HarrisburgScranton,0,73.0,0,0.12,,6.78,16.67,1.39,,9.0,4,13.5,14.7,16.5,41.5,14.1,,P,2,2,mar,sun,89.3,51.3,102.2,9.6,11.5,39,5.8,0.0,0.0,2018-01-01T01:00:00,115.563,115.563,115.563,115.563,0.0,115.843,115.843,115.843,115.843,0.0,False,5.0,2.0,3.5,1.0,versicolor,,,,,,,,,,,,,,,,,,,1,0,0,1,2,2,0.0,2,16.3,0,1.0986122886681098,Andrew,Male,-3.065,2.372,-1.002,0.496,-1.295,0.86,0.327,-0.404,0.067,-0.155,N,8.8,0.4,0.4,2.2,0.079,19.0,52.0,0.998,3.44,0.64,9.2,5
17.927411393991488,2017-01-22,1.3279388014832003,4594.288027536539,6785.996636375692,169496.46700590145,9395.84985806642,60316.65792949435,47775.84816155283,113.46026409727732,4.947469402562291,organic,2015.0257547428264,Louisville,0,72.0,0,0.187,12.0,5.02,13.0,1.18,0.0,26.0,4,14.3,15.5,17.4,37.8,13.3,1.0,P,2,2,mar,sun,89.3,51.3,102.2,9.6,5.5,59,6.3,0.0,0.0,2018-01-01T01:01:00,115.563,115.563,115.563,115.563,0.0,115.843,115.843,115.843,115.843,0.0,False,5.9,3.0,4.2,1.5,versicolor,,,,,,,,,,,,,,,,,,,1,0,4,1,0,1,0.0,1,12.0,1,0.0,Andrew,Male,-3.473,2.178,-0.82,0.706,-1.71,0.779,0.422,0.351,0.426,-0.267,N,7.7,0.69,0.49,1.8,0.115,20.0,112.0,0.9968,3.21,0.71,9.3,5
7.061313823789563,2015-07-26,1.5932149429855664,28232.901707878485,-8550.66782049324,-10440.32767028858,-361.92258717823,13113.50936887762,10976.387626732288,8662.330142377261,-26.47000848950652,organic,2016.0027422116173,Boise,1,59.0,0,0.13,16.4,4.96,17.83,1.37,,0.5,4,16.3,17.7,19.8,37.4,13.5,1.0,P,2,2,aug,thu,93.0,75.3,466.6,7.7,18.8,35,4.9,0.0,0.0,2018-01-01T01:02:00,115.563,115.563,115.563,115.563,0.0,115.843,115.843,115.843,115.843,0.0,False,6.0,2.2,4.0,1.0,versicolor,,,,,,,,,,,,,,,,,,,1,0,0,1,2,2,0.0,2,11.16,0,1.0508216248317612,Andrew,Male,-4.238,2.437,0.036,1.158,-2.127,0.554,0.12,0.823,0.565,-0.293,N,7.5,0.52,0.16,1.9,0.085,12.0,35.0,0.9968,3.38,0.62,9.5,7
39.5049058962166,2016-01-24,1.741205971676321,144873.9438558853,-2600.8650303112763,1737.0441884656902,743.9799355790444,-6060.533396369552,11695.701579836314,273.5887101077046,-74.64444860381654,organic,2015.0091907459605,Detroit,0,67.0,1,0.11,10.3,4.68,11.0,1.0,,12.0,4,17.5,19.0,21.3,39.4,13.7,1.0,P,2,2,aug,sun,90.2,99.6,631.2,6.3,20.8,33,2.7,0.0,0.0,2018-01-01T01:03:00,115.563,115.563,115.563,115.563,0.0,115.843,115.843,115.843,115.843,0.0,False,6.1,2.9,4.7,1.4,versicolor,,,,,,,,,,,,,,,,,,,1,0,0,1,2,2,0.0,2,8.76,0,0.9001613499442714,Andrew,Male,-3.546,1.258,-1.227,0.823,-0.702,1.734,-0.397,1.333,-0.277,0.013,N,7.0,0.735,0.05,2.0,0.081,13.0,54.0,0.9966,3.39,0.57,9.8,5
3.768137287490424,2015-04-26,0.9512317167435312,1264589.433470054,24211.461147311536,107764.86819933169,51228.406828648745,38590.28928048315,63580.97800077288,2303.9499955735528,120.97082701210294,conventional,2015.993914053278,Denver,0,51.0,0,0.16,13.2,5.26,11.0,1.0,0.0,49.0,4,18.4,20.0,22.4,39.7,14.7,,P,2,2,aug,mon,91.1,103.2,638.8,5.8,23.1,31,3.1,0.0,0.0,2018-01-01T01:04:00,115.563,115.563,115.563,115.563,0.0,115.843,115.843,115.843,115.843,0.0,False,5.6,2.9,3.6,1.3,versicolor,,,,,,,,,,,,,,,,,,,1,0,0,1,2,2,0.0,2,9.36,0,0.9400072584914712,Andrew,Male,-3.869,1.86,-1.646,1.612,0.044,1.531,-0.493,0.862,-0.106,-1.001,N,7.2,0.725,0.05,4.65,0.086,4.0,11.0,0.9962,3.41,0.39,10.9,5
0.2622404349489244,2015-12-13,1.6446209468047397,18166.44770577928,-14485.831855960998,-5285.369857015901,1950.7919946866675,5896.551714634959,-10265.47405276984,4951.175987810079,-54.09124333595335,organic,2015.016153597511,Orlando,1,50.0,0,0.14,11.4,4.75,10.0,2.5,,0.75,4,19.0,20.7,23.2,36.8,14.2,,P,2,2,aug,thu,91.7,114.3,661.3,6.3,18.6,44,4.5,0.0,0.0,2018-01-01T01:05:00,115.563,115.563,115.563,115.563,0.0,115.843,115.843,115.843,115.843,0.0,False,6.7,3.1,4.4,1.4,versicolor,,,,,,,,,,,,,,,,,,,1,0,0,1,2,2,0.0,2,7.8,0,0.0,Andrew,Male,-2.666,1.516,-1.198,0.741,-1.066,1.24,-0.574,0.965,-0.13,-0.711,N,7.2,0.725,0.05,4.65,0.086,4.0,11.0,0.9962,3.41,0.39,10.9,5
27.23975967180587,2017-03-19,0.8910965867248453,899811.2928185022,339026.3690838751,1625859.1405399223,9459.268598515806,727238.450985313,1766.7336650425204,90446.40022176136,19153.78008534709,conventional,2015.009352174147,NewYork,0,70.0,1,0.25,9.7,5.57,5.5,1.1,0.0,49.0,4,19.0,20.7,23.2,40.5,14.7,0.0,P,2,2,sep,fri,92.4,117.9,668.0,12.2,23.0,37,4.5,0.0,0.0,2018-01-01T01:06:00,115.563,115.563,115.563,115.563,0.0,115.843,115.843,115.843,115.843,0.0,False,5.6,3.0,4.5,1.5,versicolor,,,,,,,,,,,,,,,,,,,1,0,0,1,2,2,0.0,2,35.16,0,1.925707441737794,Bill,Male,-4.102,0.209,0.414,0.423,0.985,1.434,0.663,0.036,-0.784,-0.668,P,7.5,0.52,0.11,1.5,0.079,11.0,39.0,0.9968,3.42,0.58,9.6,5
45.06642254432221,2016-04-24,0.9905637956229172,87849.00762472278,6957.117423598676,-2393.6475505761155,-690.293367704202,-1770.1966714365826,8503.636143594696,-2035.841560770137,-21.562725061726777,organic,2017.9653976556287,Spokane,0,65.0,0,0.36,8.8,5.78,12.0,1.0,0.0,47.0,4,19.8,21.5,24.1,40.4,13.1,0.0,P,2,2,sep,fri,92.4,117.9,668.0,12.2,19.6,33,5.4,0.0,0.0,2018-01-01T01:07:00,115.563,115.563,115.563,115.563,0.0,115.843,115.843,115.843,115.843,0.0,False,5.8,2.7,4.1,1.0,versicolor,,,,,,,,,,,,,,,,,,,1,0,0,3,2,2,0.0,2,14.12,0,1.3402504226184837,Bill,Male,-1.372,-0.03,-1.003,-0.388,-0.471,1.141,0.654,0.823,0.558,0.043,N,6.6,0.705,0.07,1.6,0.076,6.0,15.0,0.9962,3.44,0.58,10.7,5
36.46251235745855,2016-10-09,1.3418281371811482,940321.9067212072,504513.35062407725,155122.4583860056,9265.00769827656,67561.00728388745,15784.630920433592,2080.07848614292,2689.247410083517,conventional,2015.9995517983184,LasVegas,0,78.0,0,0.06,16.1,5.62,13.67,1.367,0.0,41.0,4,21.2,23.0,25.8,40.1,14.2,,P,2,2,sep,fri,92.4,117.9,668.0,12.2,19.6,33,6.3,0.0,0.0,2018-01-01T01:08:00,115.563,115.563,115.563,115.563,0.0,115.843,115.843,115.843,115.843,0.0,False,6.2,2.2,4.5,1.5,versicolor,,,,,,,,,,,,,,,,,,,1,0,0,1,2,2,0.0,2,8.16,0,0.8586616190375188,Bill,Male,-1.816,0.458,-0.947,-0.341,0.085,0.75,0.144,0.462,-0.24,-0.266,N,9.3,0.32,0.57,2.0,0.074,27.0,65.0,0.9969,3.28,0.79,10.7,5
43.77268066184856,2017-04-30,1.2775106918522885,581616.126003653,81803.09621424504,61570.28807255773,13897.484986478345,47280.45115461502,995.7245970551668,-1356.7471624073175,-80.18845847694743,conventional,2016.0039679216088,SanDiego,1,86.0,0,0.225,12.2,5.2,24.0,2.18,1.0,0.25,4,23.0,25.0,28.0,39.6,14.8,0.0,P,4,5,mar,fri,91.7,33.3,77.5,9.0,17.2,26,4.5,0.0,0.0,2018-01-01T01:09:00,115.563,115.563,115.563,115.563,0.0,115.843,115.843,115.843,115.843,0.0,False,5.6,2.5,3.9,1.1,versicolor,,,,,,,,,,,,,,,,,,,1,0,0,1,2,2,0.0,2,9.96,0,0.9783261227936078,Bill,Male,-1.954,1.595,-1.593,0.37,-0.136,0.022,0.034,0.321,-0.19,-0.491,N,8.0,0.705,0.05,1.9,0.074,8.0,19.0,0.9962,3.34,0.95,10.5,6
42.91147028982348,2015-07-26,1.0949163920524805,130691.73963914206,-14848.791998243723,-5110.832990353714,1366.815837445013,-19667.737069480863,16141.953915484131,4751.762812228829,27.535727933837222,organic,2015.0039928687545,RaleighGreensboro,0,56.0,0,0.25,11.0,4.72,11.0,1.0,0.0,33.0,4,24.0,26.0,29.0,39.2,14.6,0.0,P,4,5,mar,fri,91.2,48.3,97.8,12.5,15.8,27,7.6,0.0,0.0,2018-01-01T01:10:00,115.563,115.563,115.563,115.563,0.0,115.843,115.843,115.843,115.843,0.0,False,5.9,3.2,4.8,1.8,versicolor,,,,,,,,,,,,,,,,,,,1,0,0,1,2,2,0.0,2,7.3,0,1.0986122886681098,Bill,Male,-2.654,2.39,-0.008,0.07,-1.063,0.304,-0.105,0.281,0.488,-0.382,N,7.7,0.63,0.08,1.9,0.076,15.0,27.0,0.9967,3.32,0.54,9.5,6
33.15366753552637,2015-08-23,1.3243948393222893,38903.95958427443,-8782.192899066926,2455.281746186425,797.081979643865,2544.2595699096355,20216.814869902737,6392.320963710022,108.30726798313628,organic,2017.0148432774129,Nashville,0,60.0,0,0.12,10.2,4.31,15.0,1.67,0.0,29.0,5,9.3,9.8,10.8,16.1,9.7,1.0,P,4,5,sep,fri,94.3,85.1,692.3,15.9,17.7,37,3.6,0.0,0.0,2018-01-01T01:11:00,115.563,115.563,115.563,115.563,0.0,115.843,115.843,115.843,115.843,0.0,False,6.1,2.8,4.0,1.3,versicolor,,,,,,,,,,,,,,,,,,,1,0,0,1,2,2,0.0,2,8.16,0,0.8586616190375188,Bill,Male,-2.321,1.303,0.32,-0.085,-0.278,0.001,-0.094,-0.283,0.852,0.022,N,7.7,0.67,0.23,2.1,0.088,17.0,96.0,0.9962,3.32,0.48,9.5,5
46.10186927539867,2017-11-12,1.0826619406071487,8922.376234226962,-15391.567626569558,-17759.09731765936,2061.434658670629,12612.139376668232,-25491.643414024085,3380.939334195776,55.6467520655354,organic,2015.0134472948712,Detroit,0,59.0,0,0.29,7.5,4.75,13.0,1.08,0.0,41.0,5,10.0,10.5,11.6,17.0,10.0,0.0,P,5,4,mar,fri,91.7,33.3,77.5,9.0,15.6,25,6.3,0.0,0.0,2018-01-01T01:12:00,115.563,115.563,115.563,115.563,0.0,115.843,115.843,115.843,115.843,0.0,False,6.3,2.5,4.9,1.5,versicolor,,,,,,,,,,,,,,,,,,,1,0,0,2,2,2,0.0,2,12.3,0,1.0986122886681098,Bill,Male,-3.141,3.314,-0.996,-0.394,-0.19,-0.312,0.137,0.631,0.547,-0.247,N,7.7,0.69,0.22,1.9,0.084,18.0,94.0,0.9961,3.31,0.48,9.5,5
38.04541116714671,2015-01-04,1.10632608352931,206667.5359278136,119808.90403515898,482172.9589137819,8722.497570675108,92313.34334378266,21357.759431894403,5504.996404532021,4330.394559660922,conventional,2016.0106478148875,Charlotte,0,50.0,0,0.06,30.1,5.95,21.5,2.39,,26.0,5,10.1,10.6,11.6,14.9,9.9,1.0,P,5,4,aug,tue,88.8,147.3,614.5,9.0,17.3,43,4.5,0.0,0.0,2018-01-01T01:13:00,115.563,115.563,115.563,115.563,0.0,115.843,115.843,115.843,115.843,0.0,False,6.1,2.8,4.7,1.2,versicolor,,,,,,,,,,,,,,,,,,,1,0,0,2,2,2,0.0,2,10.8,0,0.6931471805599453,Bill,Male,-3.941,3.353,0.486,-0.506,-1.12,0.101,0.297,0.711,-0.078,0.648,N,8.3,0.675,0.26,2.1,0.084,11.0,43.0,0.9976,3.31,0.53,9.2,4
39.93288106103658,2016-04-03,1.0046726143704932,644411.9534289442,3347820.9961322257,338082.0384990984,120674.61112525187,86712.75828144509,705591.2923502221,183419.20731193025,3283.16917678186,conventional,2015.9994855755424,GreatLakes,0,54.0,0,0.217,17.9,4.54,16.5,1.18,0.0,15.0,5,10.4,11.0,12.0,18.3,11.5,0.0,P,5,4,sep,fri,93.3,141.2,713.9,13.9,27.6,30,1.3,0.0,0.0,2018-01-01T01:14:00,115.563,115.563,115.563,115.563,0.0,115.843,115.843,115.843,115.843,0.0,False,6.4,2.9,4.3,1.3,versicolor,,,,,,,,,,,,,,,,,,,1,0,0,1,2,2,0.0,2,12.8,0,0.0,Bill,Male,-4.161,2.937,0.157,0.336,-0.968,0.641,0.088,0.237,0.565,0.823,N,9.7,0.32,0.54,2.5,0.094,28.0,83.0,0.9984,3.28,0.82,9.6,5
16.51909576406122,2016-06-12,1.304786318451555,397163.7562446544,-21174.067621689057,2816.587260892009,935.1302672787548,5788.581710129505,40565.524833162126,4205.05119491712,37.57783834051228,conventional,2016.019464117546,NewOrleansMobile,1,68.0,0,0.22,21.7,4.85,15.0,1.15,,0.25,5,10.7,11.2,12.4,16.8,10.3,1.0,P,9,9,feb,thu,84.2,6.8,26.6,7.7,6.7,79,3.1,0.0,0.0,2018-01-01T01:15:00,115.563,115.563,115.563,115.563,0.0,115.843,115.843,115.843,115.843,0.0,False,6.6,3.0,4.4,1.4,versicolor,,,,,,,,,,,,,,,,,,,1,0,0,1,2,2,0.0,2,27.8,0,1.0986122886681098,Bill,Male,-4.52,2.231,-0.088,0.513,-0.528,1.246,0.198,0.242,0.161,0.769,N,8.8,0.41,0.64,2.2,0.093,9.0,42.0,0.9986,3.54,0.66,10.5,5
20.6869530201678,2016-02-28,1.5378859393066435,25876.447839730143,2441.8338634119195,11263.858998704553,477.980462157382,-16699.772850556772,-18082.28087655709,-56.93258829825936,18.28159502955978,organic,2015.0014400621424,Orlando,1,,0,0.26,19.4,4.77,21.0,2.1,1.0,0.03,5,10.8,11.3,12.6,15.7,10.2,1.0,P,9,9,feb,fri,86.6,13.2,43.0,5.3,15.7,43,3.1,0.0,0.0,2018-01-01T01:16:00,115.563,115.563,115.563,115.563,0.0,115.843,115.843,115.843,115.843,0.0,False,6.8,2.8,4.8,1.4,versicolor,,,,,,,,,,,,,,,,,,,1,0,0,1,2,2,0.0,2,18.0,0,1.4350845252893227,Bill,Male,-3.088,1.389,0.048,-0.216,-0.329,0.91,0.045,-0.075,0.101,-0.134,N,8.8,0.41,0.64,2.2,0.093,9.0,42.0,0.9986,3.54,0.66,10.5,5
0.5417997494716094,2017-05-07,1.1650970462497985,20909.33911642606,-14984.393801481128,-5335.200551250809,1342.139586411366,7316.001758559668,16646.645151579425,7069.519628220601,46.59459954906046,organic,2016.0088853102347,RichmondNorfolk,0,64.0,0,0.2,7.1,4.58,14.0,1.0,0.0,12.0,5,11.3,11.8,13.1,16.9,9.8,1.0,P,1,3,mar,mon,87.6,52.2,103.8,5.0,8.3,72,3.1,0.0,0.0,2018-01-01T01:17:00,115.563,115.563,115.563,115.563,0.0,115.843,115.843,115.843,115.843,0.0,False,6.7,3.0,5.0,1.7,versicolor,,,,,,,,,,,,,,,,,,,1,0,0,1,2,2,0.0,2,11.31,0,0.9400072584914712,Bill,Male,-4.275,0.162,0.728,0.662,0.94,1.269,0.711,0.073,-0.827,-0.655,P,6.8,0.785,0.0,2.4,0.104,14.0,30.0,0.9966,3.52,0.55,10.7,6
11.933730396994523,2015-11-29,0.8763713117722628,114251.78800898032,-8166.4652697607025,8093.92356149549,2420.9370246395856,77798.67496533267,23559.43461963044,-2946.578433023308,-119.29272146354944,organic,2015.015826636716,NewOrleansMobile,0,63.0,0,0.2,5.0,5.2,8.0,1.0,,32.0,5,11.3,11.8,13.1,16.9,8.9,0.0,P,1,2,aug,fri,90.1,108.0,529.8,12.5,14.7,66,2.7,0.0,0.0,2018-01-01T01:18:00,115.563,115.563,115.563,115.563,0.0,115.843,115.843,115.843,115.843,0.0,False,6.0,2.9,4.5,1.5,versicolor,,,,,,,,,,,,,,,,,,,1,0,0,1,2,2,0.0,2,8.16,0,0.8586616190375188,Bill,Male,-1.657,0.056,-1.044,-0.32,-0.316,1.321,0.638,0.8,0.298,-0.159,N,6.7,0.75,0.12,2.0,0.086,12.0,80.0,0.9958,3.38,0.52,10.1,5
46.19484664867877,2017-01-15,2.755976917369618,-19838.480291241947,26671.03182010213,21570.46387357646,313.11273326082045,-4663.581805008274,-10617.131477103423,-2819.217928930958,-116.45114986703447,organic,2015.9995410911067,RichmondNorfolk,0,65.0,0,0.06,23.6,6.74,12.0,1.09,,32.0,5,11.4,12.0,13.2,16.7,8.7,0.0,P,1,2,aug,tue,91.0,121.2,561.6,7.0,21.6,19,6.7,0.0,0.0,2018-01-01T01:19:00,115.563,115.563,115.563,115.563,0.0,115.843,115.843,115.843,115.843,0.0,False,5.7,2.6,3.5,1.0,versicolor,,,,,,,,,,,,,,,,,,,1,0,0,1,2,2,0.0,2,8.4,0,0.7419373447293773,Bill,Male,-1.709,0.486,-0.953,-0.346,0.02,0.786,0.145,0.564,-0.229,-0.322,N,8.3,0.625,0.2,1.5,0.08,27.0,119.0,0.9972,3.16,1.12,9.1,4
0.4409343122638298,2018-01-14,1.6272348317274472,-27671.65304116469,-3246.280798683979,-390.6833927238549,1473.32458761589,-7035.547365787754,4868.280024434464,2419.005698327702,28.985754100864696,organic,2016.0131481229712,Roanoke,0,54.0,1,0.07,16.8,4.16,18.0,1.5,0.0,27.0,5,11.5,12.2,13.4,15.6,10.4,0.0,P,1,2,aug,sun,91.4,142.4,601.4,10.6,19.5,39,6.3,0.0,0.0,2018-01-01T01:20:00,115.563,115.563,115.563,115.563,0.0,115.843,115.843,115.843,115.843,0.0,False,5.5,2.4,3.8,1.1,versicolor,,,,,,,,,,,,,,,,,,,1,0,0,1,2,2,0.0,2,14.16,0,1.2119409739751128,Bill,Male,-1.952,1.469,-1.375,0.105,-0.154,0.17,-0.047,0.336,-0.098,-0.41,N,6.2,0.45,0.2,1.6,0.069,3.0,15.0,0.9958,3.41,0.56,9.2,5
25.90315500391169,2016-08-28,2.0031157676355016,87158.22262403814,-2966.293747497636,8191.743586457624,1301.3340408442018,-12337.764275364709,-11777.401361763868,5914.105896628918,-76.4091277050735,organic,2016.004405581148,Orlando,0,62.0,0,0.25,6.0,4.48,11.0,1.0,,23.0,5,11.7,12.4,13.5,18.0,9.4,0.0,P,1,2,aug,sun,90.2,99.6,631.2,6.3,17.9,44,2.2,0.0,0.0,2018-01-01T01:21:00,115.563,115.563,115.563,115.563,0.0,115.843,115.843,115.843,115.843,0.0,False,5.5,2.4,3.7,1.0,versicolor,,,,,,,,,,,,,,,,,,,1,0,0,1,2,2,0.0,2,17.76,0,1.3762440252663892,Bill,Male,-2.67,2.696,-0.231,-0.028,-1.014,0.486,-0.137,0.448,0.285,-0.482,N,7.8,0.43,0.7,1.9,0.464,22.0,67.0,0.9974,3.13,1.28,9.4,5
4.675356436036721,2017-04-09,0.9492054613313052,1023579.1180922672,83549.03447629148,183610.2752605489,399.20175333394354,66648.51072148336,34701.70547004322,5617.007945562598,84.9611643105267,conventional,2015.0117728384453,StLouis,1,78.0,0,0.05,10.0,4.44,15.0,1.36,1.0,0.75,5,12.1,13.0,13.8,16.5,9.1,0.0,P,1,2,aug,tue,94.8,108.3,647.1,17.0,18.6,51,4.5,0.0,0.0,2018-01-01T01:22:00,115.563,115.563,115.563,115.563,0.0,115.843,115.843,115.843,115.843,0.0,False,5.8,2.7,3.9,1.2,versicolor,,,,,,,,,,,,,,,,,,,1,0,0,1,2,2,0.0,2,17.8,0,0.0,Bill,Male,-2.441,1.415,0.386,-0.335,-0.187,-0.079,0.0,-0.175,0.792,-0.026,N,7.4,0.5,0.47,2.0,0.086,21.0,73.0,0.997,3.36,0.57,9.1,5
43.60459061370832,2015-02-15,1.80916803323203,47221.76383287115,-4530.451116791245,-1046.2386714984168,1219.4797697994666,8443.093698289353,6943.636119759087,833.3367382242544,-136.89424995327195,organic,2014.9850778477776,Syracuse,1,61.0,0,,,,28.0,2.33,1.0,0.75,5,13.2,14.3,15.2,18.9,13.6,0.0,P,1,2,aug,wed,92.1,111.2,654.1,9.6,16.6,47,0.9,0.0,0.0,2018-01-01T01:23:00,115.563,115.563,115.563,115.563,0.0,115.843,115.843,115.843,115.843,0.0,False,6.0,2.7,5.1,1.6,versicolor,,,,,,,,,,,,,,,,,,,1,0,0,5,2,2,0.0,2,10.79,0,1.249901736214336,Bill,Male,-3.146,3.076,-0.683,-0.032,-0.693,-0.06,-0.267,0.476,0.982,-0.352,N,7.3,0.67,0.26,1.8,0.401,16.0,51.0,0.9969,3.16,1.14,9.4,5
45.73620382780594,2018-02-04,1.519140954337291,-16048.403950103238,13877.987771433309,599.6752077636793,1099.0345395400166,-13413.9013143782,10147.858591772529,4796.149921615097,-121.7805422747062,organic,2017.000552928744,WestTexNewMexico,0,52.0,0,0.14,25.0,6.21,11.5,1.15,,34.0,5,13.8,15.0,16.2,18.1,11.6,0.0,P,1,2,aug,thu,91.7,114.3,661.3,6.3,20.2,45,3.6,0.0,0.0,2018-01-01T01:24:00,115.563,115.563,115.563,115.563,0.0,115.843,115.843,115.843,115.843,0.0,False,5.4,3.0,4.5,1.5,versicolor,,,,,,,,,,,,,,,,,,,1,0,0,5,2,2,0.0,2,7.25,0,0.8960880245566357,Bill,Male,-3.902,3.586,0.334,-0.669,-1.087,0.255,0.461,0.812,-0.185,0.535,N,6.3,0.3,0.48,1.8,0.069,18.0,61.0,0.9959,3.44,0.78,10.3,6
40.14862714033506,2015-09-06,2.016521383845061,-16476.193267059614,7857.176275438976,-19378.68075665886,863.8413387573369,-5774.990332550753,10349.480687333,1178.0842938504925,-83.5563417303458,organic,2016.99895841244,Roanoke,1,73.0,0,0.05,14.8,4.14,15.5,1.41,,1.0,6,30.0,32.3,34.8,16.0,9.7,,P,1,2,sep,thu,92.9,137.0,706.4,9.2,21.5,15,0.9,0.0,0.0,2018-01-01T01:25:00,115.563,115.563,115.563,115.563,0.0,115.843,115.843,115.843,115.843,0.0,False,6.0,3.4,4.5,1.6,versicolor,,,,,,,,,,,,,,,,,,,1,0,0,5,2,2,0.0,2,21.3,0,1.0986122886681098,Bill,Male,-4.267,3.01,0.172,0.028,-0.827,0.532,0.099,0.326,0.34,0.696,N,6.9,0.55,0.15,2.2,0.076,19.0,40.0,0.9961,3.41,0.59,10.1,5
28.20652788294416,2017-12-17,1.410011614997253,-10299.378355171582,20159.76879364708,33782.231705686616,1400.6609548151018,78057.31892821583,5020.081142176985,5737.255802067022,66.05632584447714,organic,2017.0288023188275,GrandRapids,1,70.0,1,0.16,19.2,5.25,11.0,1.0,,21.0,6,31.7,34.0,37.8,15.1,11.0,0.0,P,1,2,sep,thu,92.9,137.0,706.4,9.2,25.4,27,2.2,0.0,0.0,2018-01-01T01:26:00,115.563,115.563,115.563,115.563,0.0,115.843,115.843,115.843,115.843,0.0,False,6.7,3.1,4.7,1.5,versicolor,,,,,,,,,,,,,,,,,,,1,0,0,1,2,2,0.0,2,11.16,0,1.0508216248317612,Bill,Male,-4.65,2.455,0.013,0.681,-0.8,1.434,0.126,0.036,0.382,0.278,N,8.6,0.49,0.28,1.9,0.11,20.0,136.0,0.9972,2.93,1.95,9.9,6
30.05955644489162,2016-04-17,0.968436306745284,2935878.7966082725,1350279.6258248363,416463.1501001328,19753.471223758646,249432.32296116097,49869.71470564698,68618.80338101389,4139.069263641119,conventional,2017.000434160287,Philadelphia,0,55.0,0,0.28,5.5,4.48,22.0,1.83,0.0,55.0,6,32.7,35.0,38.8,15.3,11.3,,P,1,2,sep,thu,92.9,137.0,706.4,9.2,22.4,34,2.2,0.0,0.0,2018-01-01T01:27:00,115.563,115.563,115.563,115.563,0.0,115.843,115.843,115.843,115.843,0.0,False,6.3,2.3,4.4,1.3,versicolor,,,,,,,,,,,,,,,,,,,1,0,0,1,2,2,0.0,2,7.3,0,0.0,Bill,Male,-3.03,1.185,0.314,-0.121,-0.591,0.965,0.353,-0.137,-0.221,0.075,N,7.7,0.49,0.26,1.9,0.062,9.0,31.0,0.9966,3.39,0.64,9.6,5
36.57817177415751,2016-06-05,0.934103641635208,955828.8959001198,2916.528680780484,304486.2689830288,12165.902933788091,14877.131693648204,75447.8577179439,67436.16612638358,827.3040975459022,conventional,2016.0030981924915,Indianapolis,1,60.0,0,0.18,8.7,4.56,13.5,1.04,,15.0,6,34.8,37.3,39.8,15.8,10.1,,P,1,2,sep,sun,93.5,149.3,728.6,8.1,25.3,36,3.6,0.0,0.0,2018-01-01T01:28:00,115.563,115.563,115.563,115.563,0.0,115.843,115.843,115.843,115.843,0.0,False,5.6,3.0,4.1,1.3,versicolor,,,,,,,,,,,,,,,,,,,1,0,0,1,2,2,0.0,2,15.36,0,1.269760544863939,Bill,Male,-4.473,0.373,0.858,0.919,0.778,1.272,0.653,-0.216,-0.891,-0.627,P,9.3,0.39,0.44,2.1,0.107,34.0,125.0,0.9978,3.14,1.22,9.5,5
-1.1525247387825637,2017-11-05,1.296811863821956,46063.08085862877,-9417.875401836296,-9575.261441763389,2556.087189291048,-1790.532484639567,47411.43939452062,6616.722382398951,-52.86380201690959,organic,2015.0006652949608,NorthernNewEngland,1,67.0,0,0.155,11.3,5.16,13.0,1.0,,0.5,6,35.5,38.0,40.5,18.0,11.3,,N,6,5,mar,sat,91.7,35.8,80.8,7.8,17.4,25,4.9,0.0,0.0,2018-01-01T01:29:00,115.563,115.563,115.563,115.563,0.0,115.843,115.843,115.843,115.843,0.0,False,5.5,2.5,4.0,1.3,versicolor,,,,,,,,,,,,,,,,,,,1,0,0,1,2,2,0.0,2,8.5,0,0.9932517730102834,Bill,Male,-1.856,0.063,-1.011,-0.238,-0.152,1.461,0.572,0.775,0.154,-0.31,N,7.0,0.62,0.08,1.8,0.076,8.0,24.0,0.9978,3.48,0.53,9.0,5
1.8773301739727093,2016-12-11,1.3878314675276908,1358174.605288779,5531.555112547321,9511075.425568592,1096.7206414632992,97.42932272387225,78649.08415281874,2229.742901550492,-83.21007144578465,conventional,2016.002785888153,WestTexNewMexico,0,64.0,0,0.3,6.6,4.36,14.0,1.27,,35.0,6,36.0,38.5,41.0,15.6,9.7,1.0,P,6,5,aug,sat,90.2,96.9,624.2,8.9,14.7,59,5.8,0.0,0.0,2018-01-01T01:30:00,115.563,115.563,115.563,115.563,0.0,115.843,115.843,115.843,115.843,0.0,False,5.5,2.6,4.4,1.2,versicolor,,,,,,,,,,,,,,,,,,,1,0,0,2,2,2,0.0,2,18.36,0,1.4011829736136414,Bill,Male,-1.976,0.389,-0.947,-0.25,-0.065,0.949,0.127,0.478,-0.323,-0.345,N,7.9,0.52,0.26,1.9,0.079,42.0,140.0,0.9964,3.23,0.54,9.5,5
36.76694366293964,2017-05-21,1.149245416690294,155448.8728653164,11970.515242261486,5077.087792187131,2329.7824601622724,3097.7867901144937,-9236.560221222546,288.14150545867005,-27.68251876890854,organic,2015.018564775208,RichmondNorfolk,0,59.0,0,0.344,9.1,4.04,9.0,1.0,0.0,53.0,6,40.0,42.5,45.5,16.0,9.5,,N,8,6,mar,fri,91.7,35.8,80.8,7.8,17.4,24,5.4,0.0,0.0,2018-01-01T01:31:00,115.563,115.563,115.563,115.563,0.0,115.843,115.843,115.843,115.843,0.0,False,6.1,3.0,4.6,1.4,versicolor,,,,,,,,,,,,,,,,,,,1,0,0,1,2,2,0.0,2,23.31,0,1.5173226235262949,Bill,Male,-1.914,1.473,-1.342,-0.013,-0.213,0.253,0.005,0.229,-0.009,-0.445,N,8.6,0.49,0.28,1.9,0.11,20.0,136.0,0.9972,2.93,1.95,9.9,6
44.79999552036567,2015-02-15,1.244544634688479,301777.2414699773,23114.391992405683,28141.57459611611,1866.747657809896,102086.5013312335,17319.572043106476,-493.31350808791126,2.5239519350399213,conventional,2015.9925157342568,SouthCarolina,0,46.0,0,0.272,16.5,5.36,12.67,1.06,,33.0,6,40.0,42.5,45.5,15.0,9.8,,N,8,6,aug,sun,92.3,85.3,488.0,14.7,20.8,32,6.3,0.0,0.0,2018-01-01T01:32:00,115.563,115.563,115.563,115.563,0.0,115.843,115.843,115.843,115.843,0.0,False,5.8,2.6,4.0,1.2,versicolor,,,,,,,,,,,,,,,,,,,1,0,0,1,2,2,0.0,2,14.3,0,0.0,Bill,Male,-2.7,2.83,-0.389,0.032,-0.958,0.44,-0.168,0.519,0.169,-0.525,N,8.6,0.49,0.29,2.0,0.11,19.0,133.0,0.9972,2.93,1.98,9.8,5
4.503964214021838,2018-02-04,1.3736794088681266,1108136.6333545682,68821.39937112416,385201.3963366835,12373.631968267817,186778.8059025708,71853.28773062844,1446.680210505446,1.7701179500906186,conventional,2014.9974045982715,Atlanta,0,63.0,0,0.25,5.6,3.87,18.0,1.5,,33.0,6,40.1,43.0,45.8,17.0,11.2,,N,8,6,aug,sun,91.4,142.4,601.4,10.6,18.2,43,4.9,0.0,0.0,2018-01-01T01:33:00,115.563,115.563,115.563,115.563,0.0,115.843,115.843,115.843,115.843,0.0,False,5.0,2.3,3.3,1.0,versicolor,,,,,,,,,,,,,,,,,,,1,0,0,1,2,2,0.0,2,24.8,0,0.9162907318741552,Bill,Male,-2.554,1.117,0.42,-0.022,-0.645,0.02,0.145,-0.327,0.66,0.073,N,7.7,0.49,0.26,1.9,0.062,9.0,31.0,0.9966,3.39,0.64,9.6,5
6.858365004588965,2016-07-24,1.1848430007068644,899660.2221993065,-15120.041656640562,169530.62024781373,1924.81297346672,48753.06064449363,-1828.194454959288,2856.0627834448865,-101.04239685529384,conventional,2015.003845817268,SouthCarolina,1,74.0,0,0.2,4.8,4.56,12.5,1.04,0.0,40.0,6,42.0,45.0,48.0,14.5,10.2,,N,8,6,aug,mon,91.1,103.2,638.8,5.8,23.4,22,2.7,0.0,0.0,2018-01-01T01:34:00,115.563,115.563,115.563,115.563,0.0,115.843,115.843,115.843,115.843,0.0,False,5.6,2.7,4.2,1.3,versicolor,,,,,,,,,,,,,,,,,,,1,0,0,1,2,2,0.0,2,9.36,0,0.9400072584914712,Bill,Male,-3.054,3.104,-0.513,-0.085,-0.952,0.299,-0.269,0.459,0.892,-0.308,N,5.0,1.02,0.04,1.4,0.045,41.0,85.0,0.9938,3.75,0.48,10.5,4
24.38935289665094,2016-10-23,1.2466537139018397,469370.2788669848,8503.833526876311,114255.4046856616,2375.4733758450843,-15907.251672311524,60220.53908187807,28572.07463877337,92.92272922264074,organic,2014.9939975113848,California,0,59.0,0,0.5,9.1,3.42,18.0,1.5,,33.0,6,43.2,46.0,48.7,16.0,10.0,0.0,N,4,4,sep,sun,89.7,90.0,704.4,4.8,17.8,64,1.3,0.0,0.0,2018-01-01T01:35:00,115.563,115.563,115.563,115.563,0.0,115.843,115.843,115.843,115.843,0.0,False,5.7,3.0,4.2,1.2,versicolor,,,,,,,,,,,,,,,,,,,1,0,0,1,2,2,0.0,2,8.16,0,0.8586616190375188,Bill,Male,-3.84,3.745,0.121,-0.656,-1.066,0.329,0.734,0.875,-0.295,0.418,N,4.7,0.6,0.17,2.3,0.058,17.0,106.0,0.9932,3.85,0.6,12.9,6
21.549542413906,2017-06-25,1.0675658800975505,77505.79332685056,-170.50506693133684,3655.2962905771074,2730.5896789326407,-10268.835447017344,52300.72035371906,3343.266079667192,203.39380121809856,organic,2016.0170658690809,LasVegas,1,65.0,1,0.16,8.5,5.47,16.0,1.45,1.0,5.0,6,44.8,48.0,51.2,15.0,10.5,0.0,N,3,4,feb,sat,83.9,8.0,30.2,2.6,12.7,48,1.8,0.0,0.0,2018-01-01T01:36:00,115.563,115.563,115.563,115.563,0.0,115.843,115.843,115.843,115.843,0.0,False,5.7,2.9,4.2,1.3,versicolor,,,,,,,,,,,,,,,,,,,1,0,0,5,2,2,0.0,2,6.96,0,0.7701082216960737,Bill,Male,-4.323,2.853,0.385,0.209,-1.096,0.431,0.119,0.268,0.131,0.654,N,6.8,0.775,0.0,3.0,0.102,8.0,23.0,0.9965,3.45,0.56,10.7,5
44.40278305031298,2017-10-08,1.2359138319391902,231397.31910108047,11629.41872966841,162001.64351695933,10137.08042835801,117835.81317280357,42663.25979418075,3152.7057381331024,164.80296624882286,conventional,2016.0007519565904,GreatLakes,1,58.0,0,0.17,28.9,6.73,26.08,2.01,1.0,4.0,6,48.3,51.7,55.1,16.2,11.2,,N,3,4,mar,sat,69.0,2.4,15.5,0.7,17.4,24,5.4,0.0,0.0,2018-01-01T01:37:00,115.563,115.563,115.563,115.563,0.0,115.843,115.843,115.843,115.843,0.0,False,6.2,2.9,4.3,1.3,versicolor,,,,,,,,,,,,,,,,,,,1,0,0,1,2,2,0.0,2,22.88,0,1.7191887763932197,Bill,Male,-4.676,2.537,0.075,0.73,-0.933,1.493,0.049,0.076,0.254,0.276,N,7.0,0.5,0.25,2.0,0.07,3.0,22.0,0.9963,3.25,0.63,9.2,5
7.963828863013765,2015-02-08,1.7760066583336098,-24010.728039781097,14874.035678503718,8950.212665453571,196.60441631334243,100581.35867720624,11861.968466743798,32379.31329756603,44.01927235891975,organic,2015.002329064745,Nashville,0,53.0,0,0.17,,4.69,10.0,1.0,,31.0,6,52.0,56.0,59.7,17.9,11.7,,N,3,4,aug,sun,91.4,142.4,601.4,10.6,11.6,87,4.5,0.0,0.0,2018-01-01T01:38:00,115.563,115.563,115.563,115.563,0.0,115.843,115.843,115.843,115.843,0.0,False,5.1,2.5,3.0,1.1,versicolor,,,,,,,,,,,,,,,,,,,1,0,0,5,2,2,0.0,2,8.5,0,0.9932517730102834,Bill,Male,-2.922,1.516,-0.002,-0.353,-0.464,1.184,0.383,-0.175,-0.346,-0.033,N,7.6,0.9,0.06,2.5,0.079,5.0,10.0,0.9967,3.39,0.56,9.8,5
15.475705459407488,2017-08-20,1.6713577766509378,69258.034381497,-12348.498833313748,-13139.85493808444,580.6232882736697,7874.230039766471,6210.129405484859,2041.4289084268653,-63.745219119994815,organic,2016.0080928342309,HartfordSpringfield,0,66.0,0,0.2,,4.23,12.0,1.0,0.0,33.0,6,56.0,60.0,64.0,15.0,9.6,,N,3,4,aug,sun,91.4,142.4,601.4,10.6,19.8,39,5.4,0.0,0.0,2018-01-01T01:39:00,115.563,115.563,115.563,115.563,0.0,115.843,115.843,115.843,115.843,0.0,False,5.7,2.8,4.1,1.3,versicolor,,,,,,,,,,,,,,,,,,,1,0,0,1,2,2,0.0,2,28.93,0,1.289232648276759,Bill,Male,-4.477,0.246,1.087,1.108,0.682,1.057,0.424,-0.264,-1.195,-0.52,P,8.1,0.545,0.18,1.9,0.08,13.0,35.0,0.9972,3.3,0.59,9.0,6
